5;;6;;0;;2;;4;;7;;8;;1;;3;;
Wavelength (nm);Abs;Wavelength (nm);Abs;Wavelength (nm);Abs;Wavelength (nm);Abs;Wavelength (nm);Abs;Wavelength (nm);Abs;Wavelength (nm);Abs;Wavelength (nm);Abs;Wavelength (nm);Abs;
350;0,001741548767;350;0,007311999332;350;0,0004594859492;350;0,001126178307;350;0,003071645508;350;0,003921593074;350;0,001316171256;350;0,001711167512;350;0,002095000353;
349;0,001259338576;349;0,007346618921;349;0,0007584217819;349;0,0009227011469;349;0,003391664708;349;0,003787196241;349;0,0006924059708;349;0,0009889855282;349;0,002697211457;
348;0,001391007449;348;0,007554182317;348;0,0008105207235;348;0,00106745027;348;0,003262856742;348;0,003791557159;348;0,000594774785;348;0,001733517973;348;0,002808864228;
347;0,001901104581;347;0,00799897965;347;0,0007308837376;347;0,001262246165;347;0,003577875206;347;0,004644381348;347;0,001273435657;347;0,001469960436;347;0,003101235721;
346;0,001988445874;346;0,008378515951;346;0,0004450783599;346;0,001003073878;346;0,003866194282;346;0,004592369776;346;0,000918524689;346;0,001636483939;346;0,00280581601;
345;0,00232757628;345;0,008199390024;345;0,0003553525894;345;0,001322844182;345;0,003733642399;345;0,005259808619;345;0,0009731075261;345;0,001786851673;345;0,003386551281;
344;0,00264183851;344;0,008765225299;344;0,0008465190767;344;0,001658700639;344;0,004429965746;344;0,005800128914;344;0,001289714128;344;0,0019390136;344;0,003349115839;
343;0,003377185669;343;0,009328626096;343;0,001040203962;343;0,002052734373;343;0,004697890487;343;0,005979973823;343;0,0009186543757;343;0,001815626514;343;0,00349230133;
342;0,003790512681;342;0,009823167697;342;0,0009176167659;342;0,001936075394;342;0,004918355495;342;0,00668700831;342;0,001147045172;342;0,001760339946;342;0,004213747568;
341;0,004314836115;341;0,01047271211;341;0,0009223379893;341;0,002220990602;341;0,005516317207;341;0,007902196608;341;0,001285975566;341;0,00193784351;341;0,004407842178;
340;0,00468302751;340;0,01114189997;340;0,001356573892;340;0,002135397634;340;0,006336315535;340;0,008288323879;340;0,0008510579937;340;0,002062617801;340;0,004520615563;
339;0,006313621532;339;0,01267323364;339;0,001189924078;339;0,0025381702;339;0,006959644146;339;0,009730689228;339;0,0006869612262;339;0,002173352987;339;0,005057449918;
338;0,007435615174;338;0,01401630137;338;0,001164201414;338;0,002643192885;338;0,008007865399;338;0,01142114773;338;0,001131265191;338;0,002135189483;338;0,005703336094;
337;0,008881989866;337;0,01611702517;337;0,001151587232;337;0,003169678617;337;0,009202302434;337;0,01391824801;337;0,001086731325;337;0,002488701371;337;0,006219130475;
336;0,01086813956;336;0,01824696735;336;0,001088807359;336;0,003462110646;336;0,01069631428;336;0,01631963253;336;0,00115384534;336;0,002761891577;336;0,007460026536;
335;0,01363154035;335;0,02147698775;335;0,00135234138;335;0,004356564954;335;0,0133127505;335;0,01936144382;335;0,00104536768;335;0,003219381673;335;0,008789923042;
334;0,01664634049;334;0,02482803538;334;0,001582856989;334;0,004627113231;334;0,01540800184;334;0,02348297089;334;0,00072351977;334;0,003211558098;334;0,01018792484;
333;0,02071727067;333;0,02994106151;333;0,00151850807;333;0,005435235798;333;0,0184548907;333;0,0290525835;333;0,001336605754;333;0,003204725683;333;0,01224508602;
332;0,02613422647;332;0,035558559;332;0,001356677734;332;0,007364811376;332;0,022908777;332;0,0354645066;332;0,00108828838;332;0,003721031826;332;0,01445037406;
331;0,03209025785;331;0,0436870791;331;0,001302773715;331;0,008320567198;331;0,02793838829;331;0,04463349283;331;0,001572412904;331;0,004323228728;331;0,01709907129;
330;0,04066353664;330;0,05302780867;330;0,001346602687;330;0,01014345977;330;0,03401575983;330;0,05427807197;330;0,001142321504;330;0,005380351562;330;0,02084992081;
329;0,05026995018;329;0,06403007358;329;0,001678709523;329;0,01199024171;329;0,04193197191;329;0,066485174;329;0,001072744024;329;0,006296838634;329;0,02554614097;
328;0,06183027849;328;0,0778638199;328;0,001639472088;328;0,01447301544;328;0,05106033012;328;0,08151998371;328;0,001320896787;328;0,007496738341;328;0,03103252687;
327;0,07586078346;327;0,09393408895;327;0,001213363837;327;0,01706980541;327;0,06152774021;327;0,09848660231;327;0,001478765626;327;0,008146133274;327;0,03672512248;
326;0,09153971821;326;0,112350069;326;0,001900714589;326;0,02045935951;326;0,07363459468;326;0,1185483858;326;0,001178503153;326;0,01016428694;326;0,04399362206;
325;0,1097173914;325;0,1337019801;325;0,002074477961;325;0,02377232164;325;0,08825998008;325;0,141461432;325;0,001007095561;325;0,01142864209;325;0,05214288458;
324;0,1300939023;324;0,1569611579;324;0,002045529895;324;0,02831332758;324;0,1037976816;324;0,1672021002;324;0,001832029317;324;0,01263986621;324;0,06141537055;
323;0,1529621631;323;0,1837325245;323;0,001573867747;323;0,03251887485;323;0,1215124205;323;0,1958385259;323;0,00233285944;323;0,01527627744;323;0,0718491897;
322;0,1778316647;322;0,2127111852;322;0,001655712374;322;0,03753131256;322;0,1405588835;322;0,226495266;322;0,002357141813;322;0,01793758571;322;0,08296863735;
321;0,2037670016;321;0,24274984;321;0,001789684873;321;0,04274895415;321;0,1608764231;321;0,2585000098;321;0,002080512466;321;0,01986148022;321;0,09483857453;
320;0,2316054255;320;0,2748845518;320;0,002609831747;320;0,04833408073;320;0,1819946766;320;0,2928232849;320;0,002583295805;320;0,02214461938;320;0,1072716713;
319;0,2599151134;319;0,3081087768;319;0,002722686389;319;0,05395990983;319;0,2036423236;319;0,3274714053;319;0,002387437969;319;0,02439357527;319;0,1199908182;
318;0,2881680131;318;0,3412354589;318;0,003123631701;318;0,06011011079;318;0,225379616;318;0,3628798127;318;0,002644208493;318;0,02653311938;318;0,1325539052;
317;0,3164838254;317;0,3735165596;317;0,003430643352;317;0,06565390527;317;0,2469269484;317;0,3978542984;317;0,002968265442;317;0,02885197289;317;0,1455014795;
316;0,3437719643;316;0,4053164721;316;0,003928567283;316;0,07128887624;316;0,2678757608;316;0,4311284721;316;0,003477923339;316;0,03102440946;316;0,1575710028;
315;0,3699222803;315;0,4356836379;315;0,004926733207;315;0,07752100378;315;0,2881940305;315;0,4636551142;315;0,004225719254;315;0,03387995064;315;0,1696585715;
314;0,3943861127;314;0,4636859596;314;0,005699192174;314;0,08277174085;314;0,3069720566;314;0,4942276478;314;0,005513039883;314;0,03634113446;314;0,1811037213;
313;0,4172449112;313;0,4903343916;313;0,007397907786;313;0,08805300295;313;0,3252638876;313;0,5219244361;313;0,006689847447;313;0,03945511952;313;0,1916136593;
312;0,4379571676;312;0,5141989589;312;0,008925031871;312;0,09375647455;312;0,3410849869;312;0,546946466;312;0,008391025476;312;0,04299515486;312;0,2022116035;
311;0,4568324685;311;0,5359883308;311;0,01178823411;311;0,09881592542;311;0,3559129834;311;0,5696799755;311;0,01120253745;311;0,04678368196;311;0,2119970769;
310;0,4734610021;310;0,5548299551;310;0,01625784673;310;0,1055074409;310;0,3699339926;310;0,5891538262;310;0,01452089753;310;0,0513172932;310;0,2213855386;
309;0,4886835814;309;0,571192205;309;0,02205811441;309;0,1126847416;309;0,3818924725;309;0,6047588587;309;0,01961737499;309;0,05767498165;309;0,2314993739;
308;0,5026494265;308;0,5856525898;308;0,03089828603;308;0,1227583364;308;0,395188719;308;0,6208262444;308;0,02971977741;308;0,06822532415;308;0,2427535057;
307;0,5110438466;307;0,5932332277;307;0,04013827443;307;0,1320410371;307;0,4034349024;307;0,6279181242;307;0,03843251616;307;0,07738672197;307;0,2514609396;
306;0,5185841918;306;0,6009488702;306;0,05417193472;306;0,1448908448;306;0,4125828445;306;0,6341775656;306;0,05232794583;306;0,09088289738;306;0,2628985941;
305;0,5245158672;305;0,6047398448;305;0,07225041091;305;0,1607930511;305;0,4209503829;305;0,6364550591;305;0,06989458948;305;0,108466208;305;0,2754531801;
304;0,5288500786;304;0,6055250764;304;0,09537213296;304;0,1804698855;304;0,4295480549;304;0,6354643106;304;0,09262219816;304;0,1311380118;304;0,2902525961;
303;0,531273067;303;0,6041801572;303;0,1233627647;303;0,2034657001;303;0,4377230108;303;0,6309294105;303;0,1197657958;303;0,1575022936;303;0,3066796958;
302;0,5323138237;302;0,6000174284;302;0,1560817063;302;0,2305058539;302;0,4454574287;302;0,6234679818;302;0,1523223817;302;0,1885590404;302;0,325478524;
301;0,5318321586;301;0,593244195;301;0,1925773472;301;0,2598584592;301;0,4532906711;301;0,6123136282;301;0,1873231977;301;0,2229940146;301;0,3457147181;
300;0,5298990011;300;0,5840258598;300;0,2315330207;300;0,2911110818;300;0,4600021541;300;0,5994141102;300;0,2255933136;300;0,2599349916;300;0,3664149344;
299;0,52590096;299;0,573551476;299;0,2716402411;299;0,3226606548;299;0,4659258127;299;0,5837214589;299;0,2645068169;299;0,2977004051;299;0,3866221607;
298;0,5204846263;298;0,5603654385;298;0,3110297918;298;0,3531224132;298;0,4700185955;298;0,5658840537;298;0,302595973;298;0,3343347311;298;0,4058798254;
297;0,5129334331;297;0,545766592;297;0,3475937247;297;0,3812101185;297;0,4720575809;297;0,5466274023;297;0,3384016454;297;0,3685879409;297;0,4227006435;
296;0,5031993389;296;0,5291522741;296;0,3809486926;296;0,4068515599;296;0,4724565148;296;0,5262129307;296;0,3715128601;296;0,4000697136;296;0,4371390343;
295;0,4922446012;295;0,5112894773;295;0,4106992185;295;0,4292596579;295;0,4707970321;295;0,5045844316;295;0,4012795985;295;0,4273382425;295;0,4489764273;
294;0,4798934758;294;0,4923302829;294;0,4380882084;294;0,4481616616;294;0,4668321908;294;0,4817599356;294;0,427374959;294;0,4519869089;294;0,4582125545;
293;0,4662659466;293;0,4729174078;293;0,4619993269;293;0,4651413858;293;0,4618745148;293;0,4586173296;293;0,4507046044;293;0,4738182425;293;0,4654442966;
292;0,4523394406;292;0,453043282;292;0,48384583;292;0,4799790084;292;0,4557389021;292;0,435064286;292;0,4717527628;292;0,4926727116;292;0,4709330797;
291;0,4375294745;291;0,432949543;291;0,502047956;291;0,4921080768;291;0,4486806095;291;0,4116950333;291;0,4899885654;291;0,5090485215;291;0,4750544429;
290;0,4222141802;290;0,4123581052;290;0,5174741745;290;0,5014215708;290;0,4401358366;290;0,3883550465;290;0,5046995878;290;0,5222305655;290;0,4763609767;
289;0,4064474404;289;0,3921969831;289;0,5285070539;289;0,5074667335;289;0,4302975833;289;0,3656706214;289;0,5162020922;289;0,5318083763;289;0,4751815796;
288;0,3906293511;288;0,3720286489;288;0,5357342362;288;0,5098338127;288;0,4191837609;288;0,3430909812;288;0,5230243802;288;0,5375089049;288;0,4720461369;
287;0,3745781481;287;0,3521474302;287;0,5382633805;287;0,5090557933;287;0,407517612;287;0,3224221766;287;0,5260620117;287;0,538441956;287;0,4658670127;
286;0,3580302298;286;0,3324728012;286;0,5364115834;286;0,5035591722;286;0,393724978;286;0,3012364507;286;0,5243245363;286;0,5353648663;286;0,457111448;
285;0,3410575092;285;0,3131386936;285;0,5298361182;285;0,4949961007;285;0,3790122569;285;0,2814250588;285;0,5182546377;285;0,5276391506;285;0,4458837509;
284;0,3242616355;284;0,2944809794;284;0,51943326;284;0,4832250476;284;0,3630662858;284;0,2626708448;284;0,5082771182;284;0,5163921714;284;0,4322511554;
283;0,3077559173;283;0,2768890262;283;0,5058547854;283;0,4686540365;283;0,3470146656;283;0,244657144;283;0,4950636029;283;0,5021964312;283;0,4168533683;
282;0,2912777066;282;0,2596828043;282;0,4894910753;282;0,4518245459;282;0,3304217458;282;0,2283005267;282;0,4794513881;282;0,4855018556;282;0,4002827406;
281;0,2752554715;281;0,2435764819;281;0,4710382223;281;0,4339320362;281;0,3138513565;281;0,2130865753;281;0,4614239335;281;0,4668629766;281;0,3827564418;
280;0,259185344;280;0,2283304334;280;0,4510112405;280;0,4142971039;280;0,2971543968;280;0,1990194917;280;0,4419776797;280;0,4464186728;280;0,3645924628;
279;0,2445503026;279;0,2146639228;279;0,4297991395;279;0,393966198;279;0,2810153663;279;0,1861594617;279;0,4211471677;279;0,4252484441;279;0,3459822834;
278;0,2301415354;278;0,2018846869;278;0,4071043432;278;0,3729563355;278;0,2650257349;278;0,1741753519;278;0,398950994;278;0,4026002288;278;0,3273647428;
277;0,2169643044;277;0,1896422207;277;0,3840342462;277;0,3511446714;277;0,249923721;277;0,1638709903;277;0,3766468763;277;0,3795019686;277;0,3084657788;
276;0,2045854777;276;0,1790923178;276;0,359650135;276;0,3293465674;276;0,2342591584;276;0,1543475837;276;0,3529442251;276;0,3552583158;276;0,2894577682;
275;0,1929402053;275;0,1695560068;275;0,3361522257;275;0,3074779212;275;0,2204966098;275;0,1465809345;275;0,3296763301;275;0,3321024179;275;0,2706019878;
274;0,1823773384;274;0,1611613035;274;0,3123886287;274;0,2858268917;274;0,2070841342;274;0,1399087012;274;0,306832552;274;0,3087254167;274;0,2527550459;
273;0,1729296446;273;0,1537002325;273;0,2890870869;273;0,2652537227;273;0,1945646554;273;0,1340316385;273;0,2835619152;273;0,2857156694;273;0,2352375984;
272;0,1640920788;272;0,1475042999;272;0,266335696;272;0,2452838868;272;0,1831731796;272;0,1296346933;272;0,2616872191;272;0,2636887431;272;0,2192545235;
271;0,1565265059;271;0,1427255869;271;0,245054543;271;0,2261140943;271;0,1728244126;271;0,1266088635;271;0,2402917445;271;0,2425590605;271;0,2037227154;
270;0,1501499563;270;0,1388200223;270;0,2243128419;270;0,20800969;270;0,1636949778;270;0,1247510836;270;0,2200873643;270;0,2227761;270;0,1895207763;
269;0,1449365169;269;0,1366295069;269;0,204958424;269;0,1910847127;269;0,1557578593;269;0,1241412833;269;0,2005160302;269;0,2036947459;269;0,17668733;
268;0,1412244141;268;0,1355514526;268;0,1862460226;268;0,175289005;268;0,1488429606;268;0,1248412058;268;0,1822375506;268;0,1859660447;268;0,1649046838;
267;0,1387070268;267;0,1357563883;267;0,1692610532;267;0,1612498164;267;0,1435668468;267;0,1267126501;267;0,1658284664;267;0,1698780358;267;0,1544327289;
266;0,1377226114;266;0,1377425641;266;0,1527673751;266;0,1477499455;266;0,1392875612;266;0,1304467767;266;0,1496116072;266;0,154050082;266;0,1452426314;
265;0,1379568279;265;0,1409716755;265;0,1379879415;265;0,136417672;265;0,1368212998;265;0,1353420466;265;0,1350189149;265;0,1400526911;265;0,1372854561;
264;0,1403421462;264;0,1463917494;264;0,1246660203;264;0,1255120635;264;0,1361034811;264;0,1420972198;264;0,1215489954;264;0,1274967194;264;0,1310542375;
263;0,1443096697;263;0,153461948;263;0,1121864468;263;0,116437152;263;0,1364704818;263;0,1511074454;263;0,1094901636;263;0,116320774;263;0,1260770708;
262;0,1505016088;262;0,1624138802;262;0,1006535441;262;0,1086603105;262;0,1388778239;262;0,1619467586;262;0,09833227843;262;0,1064542085;262;0,1228167936;
261;0,1587272584;261;0,1740394831;261;0,0907529369;261;0,1022253036;261;0,1436997652;261;0,175696969;261;0,08809396625;261;0,09767366946;261;0,1213096827;
260;0,1694438756;260;0,1887915432;260;0,08159850538;260;0,09730307013;260;0,1506338567;260;0,1915083528;260;0,0788969025;260;0,09030801058;260;0,1214924604;

5;
5
Collection Time: 15/05/2026 12:44:00
Operator Name  :
Scan Software Version: 4.20(470)
Parameter List :
Instrument                        Cary 100
Instrument Version                12,00
Start (nm)                        350,00
Stop (nm)                         260,00
X Mode                            Nanometers
Y Mode                            Abs
UV-Vis Scan Rate (nm/min)         600,000
UV-Vis Data Interval (nm)         1,000
UV-Vis Ave. Time (sec)            0,100
UV-Vis SBW (nm)                   2,0
Beam Mode                         Double
Signal-to-noise Mode              Off
UV Source                         On
Vis Source                        On
Source Changeover (nm)            350,00
Baseline Correction               On
Baseline Type                     Baseline correction
Baseline File Name
Baseline Std Ref File Name
Cycle Mode                        Off
Comments
Method Log     :
Method Name    :
Date/Time stamp: 15/05/2026 11:44:47
Method Modifications:
Autoconvert Changed: 15/05/2026 11:46:56, Old:None, New:Ascii
X Start nm Changed: 15/05/2026 11:46:56, Old: 800,00, New: 350,00
X Stop nm Changed: 15/05/2026 11:46:56, Old: 200,00, New: 260,00
Baseline Correction Changed: 15/05/2026 11:46:56, Old:0, New:1
End Method Modifications
<SBW (nm)> , 2,00
<Energy> , 125,00
<Current Wavelength> , 260,00

6;
6
Collection Time: 15/05/2026 12:48:50
Operator Name  :
Scan Software Version: 4.20(470)
Parameter List :
Instrument                        Cary 100
Instrument Version                12,00
Start (nm)                        350,00
Stop (nm)                         260,00
X Mode                            Nanometers
Y Mode                            Abs
UV-Vis Scan Rate (nm/min)         600,000
UV-Vis Data Interval (nm)         1,000
UV-Vis Ave. Time (sec)            0,100
UV-Vis SBW (nm)                   2,0
Beam Mode                         Double
Signal-to-noise Mode              Off
UV Source                         On
Vis Source                        On
Source Changeover (nm)            350,00
Baseline Correction               On
Baseline Type                     Baseline correction
Baseline File Name
Baseline Std Ref File Name
Cycle Mode                        Off
Comments
Method Log     :
Method Name    :
Date/Time stamp: 15/05/2026 11:44:47
Method Modifications:
Autoconvert Changed: 15/05/2026 11:46:56, Old:None, New:Ascii
X Start nm Changed: 15/05/2026 11:46:56, Old: 800,00, New: 350,00
X Stop nm Changed: 15/05/2026 11:46:56, Old: 200,00, New: 260,00
Baseline Correction Changed: 15/05/2026 11:46:56, Old:0, New:1
End Method Modifications
<SBW (nm)> , 2,00
<Energy> , 125,00
<Current Wavelength> , 260,00

0;
0
Collection Time: 15/05/2026 13:18:24
Operator Name  :
Scan Software Version: 4.20(470)
Parameter List :
Instrument                        Cary 100
Instrument Version                12,00
Start (nm)                        350,00
Stop (nm)                         260,00
X Mode                            Nanometers
Y Mode                            Abs
UV-Vis Scan Rate (nm/min)         600,000
UV-Vis Data Interval (nm)         1,000
UV-Vis Ave. Time (sec)            0,100
UV-Vis SBW (nm)                   2,0
Beam Mode                         Double
Signal-to-noise Mode              Off
UV Source                         On
Vis Source                        On
Source Changeover (nm)            350,00
Baseline Correction               On
Baseline Type                     Baseline correction
Baseline File Name
Baseline Std Ref File Name
Cycle Mode                        Off
Comments
Method Log     :
Method Name    :
Date/Time stamp: 15/05/2026 11:44:47
Method Modifications:
Autoconvert Changed: 15/05/2026 11:46:56, Old:None, New:Ascii
X Start nm Changed: 15/05/2026 11:46:56, Old: 800,00, New: 350,00
X Stop nm Changed: 15/05/2026 11:46:56, Old: 200,00, New: 260,00
Baseline Correction Changed: 15/05/2026 11:46:56, Old:0, New:1
End Method Modifications
<SBW (nm)> , 2,00
<Energy> , 125,00
<Current Wavelength> , 260,00

2;
2
Collection Time: 15/05/2026 13:23:46
Operator Name  :
Scan Software Version: 4.20(470)
Parameter List :
Instrument                        Cary 100
Instrument Version                12,00
Start (nm)                        350,00
Stop (nm)                         260,00
X Mode                            Nanometers
Y Mode                            Abs
UV-Vis Scan Rate (nm/min)         600,000
UV-Vis Data Interval (nm)         1,000
UV-Vis Ave. Time (sec)            0,100
UV-Vis SBW (nm)                   2,0
Beam Mode                         Double
Signal-to-noise Mode              Off
UV Source                         On
Vis Source                        On
Source Changeover (nm)            350,00
Baseline Correction               On
Baseline Type                     Baseline correction
Baseline File Name
Baseline Std Ref File Name
Cycle Mode                        Off
Comments
Method Log     :
Method Name    :
Date/Time stamp: 15/05/2026 11:44:47
Method Modifications:
Autoconvert Changed: 15/05/2026 11:46:56, Old:None, New:Ascii
X Start nm Changed: 15/05/2026 11:46:56, Old: 800,00, New: 350,00
X Stop nm Changed: 15/05/2026 11:46:56, Old: 200,00, New: 260,00
Baseline Correction Changed: 15/05/2026 11:46:56, Old:0, New:1
End Method Modifications
<SBW (nm)> , 2,00
<Energy> , 125,00
<Current Wavelength> , 260,00

4;
4
Collection Time: 15/05/2026 13:29:06
Operator Name  :
Scan Software Version: 4.20(470)
Parameter List :
Instrument                        Cary 100
Instrument Version                12,00
Start (nm)                        350,00
Stop (nm)                         260,00
X Mode                            Nanometers
Y Mode                            Abs
UV-Vis Scan Rate (nm/min)         600,000
UV-Vis Data Interval (nm)         1,000
UV-Vis Ave. Time (sec)            0,100
UV-Vis SBW (nm)                   2,0
Beam Mode                         Double
Signal-to-noise Mode              Off
UV Source                         On
Vis Source                        On
Source Changeover (nm)            350,00
Baseline Correction               On
Baseline Type                     Baseline correction
Baseline File Name
Baseline Std Ref File Name
Cycle Mode                        Off
Comments
Method Log     :
Method Name    :
Date/Time stamp: 15/05/2026 11:44:47
Method Modifications:
Autoconvert Changed: 15/05/2026 11:46:56, Old:None, New:Ascii
X Start nm Changed: 15/05/2026 11:46:56, Old: 800,00, New: 350,00
X Stop nm Changed: 15/05/2026 11:46:56, Old: 200,00, New: 260,00
Baseline Correction Changed: 15/05/2026 11:46:56, Old:0, New:1
End Method Modifications
<SBW (nm)> , 2,00
<Energy> , 125,00
<Current Wavelength> , 260,00

7;
7
Collection Time: 15/05/2026 13:34:17
Operator Name  :
Scan Software Version: 4.20(470)
Parameter List :
Instrument                        Cary 100
Instrument Version                12,00
Start (nm)                        350,00
Stop (nm)                         260,00
X Mode                            Nanometers
Y Mode                            Abs
UV-Vis Scan Rate (nm/min)         600,000
UV-Vis Data Interval (nm)         1,000
UV-Vis Ave. Time (sec)            0,100
UV-Vis SBW (nm)                   2,0
Beam Mode                         Double
Signal-to-noise Mode              Off
UV Source                         On
Vis Source                        On
Source Changeover (nm)            350,00
Baseline Correction               On
Baseline Type                     Baseline correction
Baseline File Name
Baseline Std Ref File Name
Cycle Mode                        Off
Comments
Method Log     :
Method Name    :
Date/Time stamp: 15/05/2026 11:44:47
Method Modifications:
Autoconvert Changed: 15/05/2026 11:46:56, Old:None, New:Ascii
X Start nm Changed: 15/05/2026 11:46:56, Old: 800,00, New: 350,00
X Stop nm Changed: 15/05/2026 11:46:56, Old: 200,00, New: 260,00
Baseline Correction Changed: 15/05/2026 11:46:56, Old:0, New:1
End Method Modifications
<SBW (nm)> , 2,00
<Energy> , 125,00
<Current Wavelength> , 260,00

8;
8
Collection Time: 15/05/2026 13:36:55
Operator Name  :
Scan Software Version: 4.20(470)
Parameter List :
Instrument                        Cary 100
Instrument Version                12,00
Start (nm)                        350,00
Stop (nm)                         260,00
X Mode                            Nanometers
Y Mode                            Abs
UV-Vis Scan Rate (nm/min)         600,000
UV-Vis Data Interval (nm)         1,000
UV-Vis Ave. Time (sec)            0,100
UV-Vis SBW (nm)                   2,0
Beam Mode                         Double
Signal-to-noise Mode              Off
UV Source                         On
Vis Source                        On
Source Changeover (nm)            350,00
Baseline Correction               On
Baseline Type                     Baseline correction
Baseline File Name
Baseline Std Ref File Name
Cycle Mode                        Off
Comments
Method Log     :
Method Name    :
Date/Time stamp: 15/05/2026 11:44:47
Method Modifications:
Autoconvert Changed: 15/05/2026 11:46:56, Old:None, New:Ascii
X Start nm Changed: 15/05/2026 11:46:56, Old: 800,00, New: 350,00
X Stop nm Changed: 15/05/2026 11:46:56, Old: 200,00, New: 260,00
Baseline Correction Changed: 15/05/2026 11:46:56, Old:0, New:1
End Method Modifications
<SBW (nm)> , 2,00
<Energy> , 125,00
<Current Wavelength> , 260,00

1;
1
Collection Time: 15/05/2026 13:52:31
Operator Name  :
Scan Software Version: 4.20(470)
Parameter List :
Instrument                        Cary 100
Instrument Version                12,00
Start (nm)                        350,00
Stop (nm)                         260,00
X Mode                            Nanometers
Y Mode                            Abs
UV-Vis Scan Rate (nm/min)         600,000
UV-Vis Data Interval (nm)         1,000
UV-Vis Ave. Time (sec)            0,100
UV-Vis SBW (nm)                   2,0
Beam Mode                         Double
Signal-to-noise Mode              Off
UV Source                         On
Vis Source                        On
Source Changeover (nm)            350,00
Baseline Correction               On
Baseline Type                     Baseline correction
Baseline File Name
Baseline Std Ref File Name
Cycle Mode                        Off
Comments
Method Log     :
Method Name    :
Date/Time stamp: 15/05/2026 11:44:47
Method Modifications:
Autoconvert Changed: 15/05/2026 11:46:56, Old:None, New:Ascii
X Start nm Changed: 15/05/2026 11:46:56, Old: 800,00, New: 350,00
X Stop nm Changed: 15/05/2026 11:46:56, Old: 200,00, New: 260,00
Baseline Correction Changed: 15/05/2026 11:46:56, Old:0, New:1
End Method Modifications
<SBW (nm)> , 2,00
<Energy> , 125,00
<Current Wavelength> , 260,00

3;
3
Collection Time: 15/05/2026 13:57:26
Operator Name  :
Scan Software Version: 4.20(470)
Parameter List :
Instrument                        Cary 100
Instrument Version                12,00
Start (nm)                        350,00
Stop (nm)                         260,00
X Mode                            Nanometers
Y Mode                            Abs
UV-Vis Scan Rate (nm/min)         600,000
UV-Vis Data Interval (nm)         1,000
UV-Vis Ave. Time (sec)            0,100
UV-Vis SBW (nm)                   2,0
Beam Mode                         Double
Signal-to-noise Mode              Off
UV Source                         On
Vis Source                        On
Source Changeover (nm)            350,00
Baseline Correction               On
Baseline Type                     Baseline correction
Baseline File Name
Baseline Std Ref File Name
Cycle Mode                        Off
Comments
Method Log     :
Method Name    :
Date/Time stamp: 15/05/2026 11:44:47
Method Modifications:
Autoconvert Changed: 15/05/2026 11:46:56, Old:None, New:Ascii
X Start nm Changed: 15/05/2026 11:46:56, Old: 800,00, New: 350,00
X Stop nm Changed: 15/05/2026 11:46:56, Old: 200,00, New: 260,00
Baseline Correction Changed: 15/05/2026 11:46:56, Old:0, New:1
End Method Modifications
<SBW (nm)> , 2,00
<Energy> , 125,00
<Current Wavelength> , 260,00

