X,CH1,Start,Increment,
Sequence,Volt,-4.650000e-01,2.000000e-04
0,1.92e+00,
1,2.00e+00,
2,1.92e+00,
3,1.92e+00,
4,2.00e+00,
5,1.92e+00,
6,2.00e+00,
7,2.00e+00,
8,2.00e+00,
9,2.00e+00,
10,2.00e+00,
11,2.00e+00,
12,2.00e+00,
13,2.00e+00,
14,1.92e+00,
15,1.92e+00,
16,2.00e+00,
17,1.92e+00,
18,2.00e+00,
19,1.92e+00,
20,2.00e+00,
21,2.00e+00,
22,1.92e+00,
23,1.92e+00,
24,2.00e+00,
25,1.92e+00,
26,1.92e+00,
27,2.00e+00,
28,1.92e+00,
29,1.92e+00,
30,2.00e+00,
31,2.00e+00,
32,2.00e+00,
33,2.00e+00,
34,1.92e+00,
35,1.92e+00,
36,2.00e+00,
37,1.92e+00,
38,1.92e+00,
39,1.92e+00,
40,2.00e+00,
41,1.92e+00,
42,1.92e+00,
43,1.92e+00,
44,1.92e+00,
45,2.00e+00,
46,1.92e+00,
47,1.92e+00,
48,1.92e+00,
49,2.00e+00,
50,2.00e+00,
51,1.92e+00,
52,1.92e+00,
53,2.00e+00,
54,1.92e+00,
55,1.92e+00,
56,2.00e+00,
57,2.00e+00,
58,2.00e+00,
59,1.92e+00,
60,2.00e+00,
61,2.00e+00,
62,1.92e+00,
63,1.92e+00,
64,1.92e+00,
65,1.92e+00,
66,2.00e+00,
67,2.00e+00,
68,1.92e+00,
69,2.00e+00,
70,2.00e+00,
71,1.92e+00,
72,2.00e+00,
73,1.92e+00,
74,1.92e+00,
75,2.00e+00,
76,1.92e+00,
77,1.92e+00,
78,2.00e+00,
79,2.00e+00,
80,2.00e+00,
81,1.92e+00,
82,1.92e+00,
83,2.00e+00,
84,1.92e+00,
85,2.00e+00,
86,1.92e+00,
87,1.92e+00,
88,1.92e+00,
89,1.92e+00,
90,1.92e+00,
91,1.92e+00,
92,1.92e+00,
93,1.92e+00,
94,1.92e+00,
95,2.00e+00,
96,1.92e+00,
97,1.92e+00,
98,1.92e+00,
99,1.92e+00,
100,2.00e+00,
101,2.00e+00,
102,1.92e+00,
103,2.00e+00,
104,1.92e+00,
105,1.92e+00,
106,2.00e+00,
107,2.00e+00,
108,2.00e+00,
109,1.92e+00,
110,1.92e+00,
111,1.92e+00,
112,2.00e+00,
113,1.92e+00,
114,2.00e+00,
115,2.00e+00,
116,2.00e+00,
117,2.00e+00,
118,2.00e+00,
119,1.92e+00,
120,2.00e+00,
121,1.92e+00,
122,1.92e+00,
123,2.00e+00,
124,1.92e+00,
125,1.92e+00,
126,1.92e+00,
127,1.92e+00,
128,1.92e+00,
129,1.92e+00,
130,1.92e+00,
131,2.00e+00,
132,1.92e+00,
133,1.92e+00,
134,2.00e+00,
135,1.92e+00,
136,1.92e+00,
137,2.00e+00,
138,1.92e+00,
139,1.92e+00,
140,1.92e+00,
141,2.00e+00,
142,2.00e+00,
143,1.92e+00,
144,2.00e+00,
145,2.00e+00,
146,2.00e+00,
147,2.00e+00,
148,2.00e+00,
149,2.00e+00,
150,1.92e+00,
151,2.00e+00,
152,1.92e+00,
153,2.00e+00,
154,2.00e+00,
155,2.00e+00,
156,1.92e+00,
157,1.92e+00,
158,1.92e+00,
159,2.00e+00,
160,2.00e+00,
161,1.92e+00,
162,2.00e+00,
163,1.92e+00,
164,2.00e+00,
165,1.92e+00,
166,2.00e+00,
167,2.00e+00,
168,1.92e+00,
169,1.92e+00,
170,2.00e+00,
171,1.92e+00,
172,2.00e+00,
173,2.00e+00,
174,1.92e+00,
175,1.92e+00,
176,1.92e+00,
177,1.92e+00,
178,2.00e+00,
179,2.00e+00,
180,2.00e+00,
181,1.92e+00,
182,1.92e+00,
183,1.92e+00,
184,1.92e+00,
185,1.92e+00,
186,1.92e+00,
187,2.00e+00,
188,2.00e+00,
189,2.00e+00,
190,1.92e+00,
191,1.92e+00,
192,1.92e+00,
193,2.00e+00,
194,1.92e+00,
195,1.92e+00,
196,1.92e+00,
197,1.92e+00,
198,2.00e+00,
199,2.00e+00,
200,1.92e+00,
201,1.92e+00,
202,1.92e+00,
203,2.00e+00,
204,1.92e+00,
205,2.00e+00,
206,1.92e+00,
207,1.92e+00,
208,1.92e+00,
209,1.92e+00,
210,1.92e+00,
211,2.00e+00,
212,2.00e+00,
213,1.92e+00,
214,1.92e+00,
215,1.92e+00,
216,1.92e+00,
217,2.00e+00,
218,1.92e+00,
219,1.92e+00,
220,2.00e+00,
221,2.00e+00,
222,2.00e+00,
223,2.00e+00,
224,2.00e+00,
225,1.92e+00,
226,1.92e+00,
227,1.92e+00,
228,2.00e+00,
229,1.92e+00,
230,1.92e+00,
231,1.92e+00,
232,2.00e+00,
233,1.92e+00,
234,2.00e+00,
235,2.00e+00,
236,1.92e+00,
237,2.00e+00,
238,1.92e+00,
239,1.92e+00,
240,1.92e+00,
241,1.92e+00,
242,1.92e+00,
243,1.92e+00,
244,1.92e+00,
245,1.92e+00,
246,1.92e+00,
247,1.92e+00,
248,2.00e+00,
249,2.00e+00,
250,1.92e+00,
251,1.92e+00,
252,1.92e+00,
253,2.00e+00,
254,1.92e+00,
255,1.92e+00,
256,1.92e+00,
257,1.92e+00,
258,1.92e+00,
259,1.92e+00,
260,2.00e+00,
261,2.00e+00,
262,1.92e+00,
263,1.92e+00,
264,1.92e+00,
265,1.92e+00,
266,1.92e+00,
267,1.92e+00,
268,1.92e+00,
269,1.92e+00,
270,1.92e+00,
271,2.00e+00,
272,1.92e+00,
273,1.92e+00,
274,1.92e+00,
275,1.92e+00,
276,2.00e+00,
277,2.00e+00,
278,1.92e+00,
279,1.92e+00,
280,1.92e+00,
281,1.92e+00,
282,2.00e+00,
283,1.92e+00,
284,2.00e+00,
285,2.00e+00,
286,1.92e+00,
287,1.92e+00,
288,1.92e+00,
289,2.00e+00,
290,1.92e+00,
291,1.92e+00,
292,1.92e+00,
293,1.92e+00,
294,1.92e+00,
295,1.92e+00,
296,2.00e+00,
297,1.92e+00,
298,2.00e+00,
299,2.00e+00,
300,1.92e+00,
301,2.00e+00,
302,1.92e+00,
303,1.92e+00,
304,2.00e+00,
305,1.92e+00,
306,1.92e+00,
307,1.92e+00,
308,1.92e+00,
309,1.92e+00,
310,1.92e+00,
311,1.92e+00,
312,1.92e+00,
313,2.00e+00,
314,2.00e+00,
315,1.92e+00,
316,1.92e+00,
317,1.92e+00,
318,2.00e+00,
319,1.92e+00,
320,1.92e+00,
321,1.92e+00,
322,1.92e+00,
323,2.00e+00,
324,1.92e+00,
325,2.00e+00,
326,1.92e+00,
327,2.00e+00,
328,1.92e+00,
329,1.92e+00,
330,1.92e+00,
331,1.92e+00,
332,1.92e+00,
333,2.00e+00,
334,2.00e+00,
335,2.00e+00,
336,1.92e+00,
337,2.00e+00,
338,2.00e+00,
339,1.92e+00,
340,2.00e+00,
341,2.00e+00,
342,2.00e+00,
343,1.92e+00,
344,1.92e+00,
345,1.92e+00,
346,1.92e+00,
347,1.92e+00,
348,2.00e+00,
349,1.92e+00,
350,1.92e+00,
351,1.92e+00,
352,1.92e+00,
353,1.92e+00,
354,2.00e+00,
355,1.92e+00,
356,1.92e+00,
357,2.00e+00,
358,2.00e+00,
359,1.92e+00,
360,2.00e+00,
361,2.00e+00,
362,1.92e+00,
363,1.92e+00,
364,2.00e+00,
365,1.92e+00,
366,1.92e+00,
367,2.00e+00,
368,2.00e+00,
369,1.92e+00,
370,2.00e+00,
371,2.00e+00,
372,1.92e+00,
373,1.92e+00,
374,2.00e+00,
375,2.00e+00,
376,2.00e+00,
377,1.92e+00,
378,1.92e+00,
379,1.92e+00,
380,2.00e+00,
381,2.00e+00,
382,1.92e+00,
383,1.92e+00,
384,2.00e+00,
385,1.92e+00,
386,2.00e+00,
387,1.92e+00,
388,2.00e+00,
389,1.92e+00,
390,1.92e+00,
391,1.92e+00,
392,1.92e+00,
393,1.92e+00,
394,2.00e+00,
395,2.00e+00,
396,2.00e+00,
397,1.92e+00,
398,2.00e+00,
399,2.00e+00,
400,1.92e+00,
401,1.92e+00,
402,2.00e+00,
403,1.92e+00,
404,1.92e+00,
405,1.92e+00,
406,1.92e+00,
407,1.92e+00,
408,1.92e+00,
409,2.00e+00,
410,2.00e+00,
411,2.00e+00,
412,1.92e+00,
413,1.92e+00,
414,1.92e+00,
415,2.00e+00,
416,2.00e+00,
417,1.92e+00,
418,1.92e+00,
419,2.00e+00,
420,2.00e+00,
421,2.00e+00,
422,1.92e+00,
423,2.00e+00,
424,1.92e+00,
425,2.00e+00,
426,1.92e+00,
427,1.92e+00,
428,1.92e+00,
429,1.92e+00,
430,1.92e+00,
431,1.92e+00,
432,1.92e+00,
433,1.92e+00,
434,2.00e+00,
435,1.92e+00,
436,1.92e+00,
437,1.92e+00,
438,1.92e+00,
439,2.00e+00,
440,1.92e+00,
441,1.92e+00,
442,1.92e+00,
443,2.00e+00,
444,1.92e+00,
445,1.92e+00,
446,1.92e+00,
447,2.00e+00,
448,2.00e+00,
449,1.92e+00,
450,1.92e+00,
451,2.00e+00,
452,1.92e+00,
453,1.92e+00,
454,1.92e+00,
455,1.92e+00,
456,1.92e+00,
457,2.00e+00,
458,1.92e+00,
459,2.00e+00,
460,1.92e+00,
461,2.00e+00,
462,1.92e+00,
463,2.00e+00,
464,2.00e+00,
465,2.00e+00,
466,2.00e+00,
467,1.92e+00,
468,1.92e+00,
469,1.92e+00,
470,1.92e+00,
471,2.00e+00,
472,1.92e+00,
473,1.92e+00,
474,1.92e+00,
475,1.92e+00,
476,1.92e+00,
477,2.00e+00,
478,2.00e+00,
479,1.92e+00,
480,1.92e+00,
481,2.00e+00,
482,1.92e+00,
483,2.00e+00,
484,1.92e+00,
485,1.92e+00,
486,1.92e+00,
487,1.92e+00,
488,1.92e+00,
489,1.92e+00,
490,1.92e+00,
491,2.00e+00,
492,2.00e+00,
493,1.92e+00,
494,1.92e+00,
495,1.92e+00,
496,1.92e+00,
497,1.92e+00,
498,1.92e+00,
499,2.00e+00,
500,1.92e+00,
501,1.92e+00,
502,1.92e+00,
503,1.92e+00,
504,1.92e+00,
505,1.92e+00,
506,2.00e+00,
507,1.92e+00,
508,1.92e+00,
509,1.92e+00,
510,1.92e+00,
511,1.92e+00,
512,2.00e+00,
513,1.92e+00,
514,1.92e+00,
515,1.92e+00,
516,1.92e+00,
517,2.00e+00,
518,1.92e+00,
519,1.92e+00,
520,1.92e+00,
521,1.92e+00,
522,1.92e+00,
523,1.92e+00,
524,2.00e+00,
525,1.92e+00,
526,2.00e+00,
527,1.92e+00,
528,1.92e+00,
529,1.92e+00,
530,2.00e+00,
531,2.00e+00,
532,1.92e+00,
533,1.92e+00,
534,2.00e+00,
535,1.92e+00,
536,1.92e+00,
537,1.92e+00,
538,1.92e+00,
539,1.92e+00,
540,1.92e+00,
541,1.92e+00,
542,1.92e+00,
543,2.00e+00,
544,1.92e+00,
545,1.92e+00,
546,1.92e+00,
547,1.92e+00,
548,2.00e+00,
549,2.00e+00,
550,1.92e+00,
551,1.92e+00,
552,1.92e+00,
553,1.92e+00,
554,1.92e+00,
555,1.92e+00,
556,2.00e+00,
557,1.92e+00,
558,2.00e+00,
559,2.00e+00,
560,1.92e+00,
561,2.00e+00,
562,1.92e+00,
563,1.92e+00,
564,1.92e+00,
565,1.92e+00,
566,1.92e+00,
567,2.00e+00,
568,1.92e+00,
569,1.92e+00,
570,1.92e+00,
571,1.92e+00,
572,1.92e+00,
573,2.00e+00,
574,1.92e+00,
575,2.00e+00,
576,1.92e+00,
577,1.92e+00,
578,1.92e+00,
579,1.92e+00,
580,2.00e+00,
581,2.00e+00,
582,1.92e+00,
583,2.00e+00,
584,1.92e+00,
585,1.92e+00,
586,2.00e+00,
587,1.92e+00,
588,1.92e+00,
589,1.92e+00,
590,1.92e+00,
591,1.92e+00,
592,2.00e+00,
593,1.92e+00,
594,2.00e+00,
595,1.92e+00,
596,2.00e+00,
597,2.00e+00,
598,2.00e+00,
599,2.00e+00,
600,1.92e+00,
601,1.92e+00,
602,2.00e+00,
603,2.00e+00,
604,1.92e+00,
605,2.00e+00,
606,1.92e+00,
607,1.92e+00,
608,1.92e+00,
609,2.00e+00,
610,1.92e+00,
611,1.92e+00,
612,2.00e+00,
613,2.00e+00,
614,1.92e+00,
615,2.00e+00,
616,2.00e+00,
617,1.92e+00,
618,1.92e+00,
619,1.92e+00,
620,2.00e+00,
621,2.00e+00,
622,2.00e+00,
623,2.00e+00,
624,1.92e+00,
625,2.00e+00,
626,1.92e+00,
627,1.92e+00,
628,1.92e+00,
629,2.00e+00,
630,1.92e+00,
631,1.92e+00,
632,1.92e+00,
633,2.00e+00,
634,1.92e+00,
635,2.00e+00,
636,1.92e+00,
637,1.92e+00,
638,1.92e+00,
639,1.92e+00,
640,1.92e+00,
641,1.92e+00,
642,2.00e+00,
643,1.92e+00,
644,1.92e+00,
645,1.92e+00,
646,1.92e+00,
647,1.92e+00,
648,1.92e+00,
649,2.00e+00,
650,2.00e+00,
651,1.92e+00,
652,2.00e+00,
653,2.00e+00,
654,2.00e+00,
655,1.92e+00,
656,2.00e+00,
657,2.00e+00,
658,2.00e+00,
659,1.92e+00,
660,2.00e+00,
661,2.00e+00,
662,1.92e+00,
663,1.92e+00,
664,1.92e+00,
665,1.92e+00,
666,2.00e+00,
667,2.00e+00,
668,1.92e+00,
669,2.00e+00,
670,2.00e+00,
671,1.92e+00,
672,1.92e+00,
673,1.92e+00,
674,2.00e+00,
675,1.92e+00,
676,1.92e+00,
677,1.92e+00,
678,1.92e+00,
679,1.92e+00,
680,2.00e+00,
681,1.92e+00,
682,1.92e+00,
683,2.00e+00,
684,1.92e+00,
685,2.00e+00,
686,1.92e+00,
687,1.92e+00,
688,1.92e+00,
689,1.92e+00,
690,1.92e+00,
691,1.92e+00,
692,1.92e+00,
693,1.92e+00,
694,1.92e+00,
695,1.92e+00,
696,1.92e+00,
697,1.92e+00,
698,1.92e+00,
699,2.00e+00,
700,1.92e+00,
701,1.92e+00,
702,1.92e+00,
703,1.92e+00,
704,1.92e+00,
705,1.92e+00,
706,2.00e+00,
707,1.92e+00,
708,1.92e+00,
709,1.92e+00,
710,1.92e+00,
711,1.92e+00,
712,1.92e+00,
713,2.00e+00,
714,2.00e+00,
715,1.92e+00,
716,2.00e+00,
717,1.92e+00,
718,2.00e+00,
719,1.92e+00,
720,1.92e+00,
721,1.92e+00,
722,1.92e+00,
723,1.92e+00,
724,1.92e+00,
725,2.00e+00,
726,1.92e+00,
727,2.00e+00,
728,1.92e+00,
729,2.00e+00,
730,2.00e+00,
731,1.92e+00,
732,2.00e+00,
733,2.00e+00,
734,2.00e+00,
735,1.92e+00,
736,1.92e+00,
737,2.00e+00,
738,2.00e+00,
739,1.92e+00,
740,1.92e+00,
741,2.00e+00,
742,1.92e+00,
743,2.00e+00,
744,1.92e+00,
745,2.00e+00,
746,1.92e+00,
747,1.92e+00,
748,1.92e+00,
749,1.92e+00,
750,1.92e+00,
751,2.00e+00,
752,2.00e+00,
753,1.92e+00,
754,2.00e+00,
755,1.92e+00,
756,1.92e+00,
757,1.92e+00,
758,1.92e+00,
759,1.92e+00,
760,1.92e+00,
761,2.00e+00,
762,2.00e+00,
763,2.00e+00,
764,1.92e+00,
765,2.00e+00,
766,2.00e+00,
767,1.92e+00,
768,1.92e+00,
769,1.92e+00,
770,1.92e+00,
771,1.92e+00,
772,1.92e+00,
773,2.00e+00,
774,1.92e+00,
775,2.00e+00,
776,1.92e+00,
777,1.92e+00,
778,1.92e+00,
779,1.92e+00,
780,1.92e+00,
781,1.92e+00,
782,1.92e+00,
783,1.92e+00,
784,1.92e+00,
785,1.92e+00,
786,1.92e+00,
787,2.00e+00,
788,1.92e+00,
789,2.00e+00,
790,1.92e+00,
791,2.00e+00,
792,2.00e+00,
793,1.92e+00,
794,1.92e+00,
795,1.92e+00,
796,1.92e+00,
797,1.92e+00,
798,1.92e+00,
799,1.92e+00,
800,2.00e+00,
801,2.00e+00,
802,2.00e+00,
803,1.92e+00,
804,1.92e+00,
805,1.92e+00,
806,2.00e+00,
807,2.00e+00,
808,2.00e+00,
809,1.92e+00,
810,2.00e+00,
811,1.92e+00,
812,1.92e+00,
813,1.92e+00,
814,2.00e+00,
815,1.92e+00,
816,1.92e+00,
817,1.92e+00,
818,1.92e+00,
819,2.00e+00,
820,1.92e+00,
821,1.92e+00,
822,2.00e+00,
823,1.92e+00,
824,1.92e+00,
825,2.00e+00,
826,1.92e+00,
827,1.92e+00,
828,2.00e+00,
829,1.92e+00,
830,2.00e+00,
831,1.92e+00,
832,2.00e+00,
833,1.92e+00,
834,1.92e+00,
835,2.00e+00,
836,1.92e+00,
837,1.92e+00,
838,1.92e+00,
839,2.00e+00,
840,1.92e+00,
841,1.92e+00,
842,1.92e+00,
843,1.92e+00,
844,2.00e+00,
845,1.92e+00,
846,1.92e+00,
847,2.00e+00,
848,1.92e+00,
849,1.92e+00,
850,1.92e+00,
851,1.92e+00,
852,1.92e+00,
853,1.92e+00,
854,2.00e+00,
855,2.00e+00,
856,2.00e+00,
857,1.92e+00,
858,1.92e+00,
859,1.92e+00,
860,1.92e+00,
861,1.92e+00,
862,2.00e+00,
863,1.92e+00,
864,1.92e+00,
865,1.92e+00,
866,1.92e+00,
867,2.00e+00,
868,2.00e+00,
869,1.92e+00,
870,1.92e+00,
871,1.92e+00,
872,1.92e+00,
873,1.92e+00,
874,2.00e+00,
875,1.92e+00,
876,1.92e+00,
877,1.92e+00,
878,1.92e+00,
879,1.92e+00,
880,1.92e+00,
881,1.92e+00,
882,1.92e+00,
883,1.92e+00,
884,1.92e+00,
885,1.92e+00,
886,1.92e+00,
887,1.92e+00,
888,1.92e+00,
889,1.92e+00,
890,2.00e+00,
891,1.92e+00,
892,1.92e+00,
893,1.92e+00,
894,2.00e+00,
895,2.00e+00,
896,1.92e+00,
897,1.92e+00,
898,2.00e+00,
899,1.92e+00,
900,2.00e+00,
901,1.92e+00,
902,2.00e+00,
903,1.92e+00,
904,1.92e+00,
905,1.92e+00,
906,1.92e+00,
907,1.92e+00,
908,1.92e+00,
909,1.92e+00,
910,1.92e+00,
911,1.92e+00,
912,2.00e+00,
913,1.92e+00,
914,1.92e+00,
915,1.92e+00,
916,1.92e+00,
917,1.92e+00,
918,1.92e+00,
919,1.92e+00,
920,1.92e+00,
921,1.92e+00,
922,2.00e+00,
923,1.92e+00,
924,2.00e+00,
925,1.92e+00,
926,2.00e+00,
927,2.00e+00,
928,1.92e+00,
929,1.92e+00,
930,1.92e+00,
931,1.92e+00,
932,1.92e+00,
933,2.00e+00,
934,1.92e+00,
935,1.92e+00,
936,1.92e+00,
937,1.92e+00,
938,1.92e+00,
939,2.00e+00,
940,1.92e+00,
941,1.92e+00,
942,1.92e+00,
943,1.92e+00,
944,1.92e+00,
945,1.92e+00,
946,1.92e+00,
947,2.00e+00,
948,1.92e+00,
949,1.92e+00,
950,2.00e+00,
951,2.00e+00,
952,1.92e+00,
953,1.92e+00,
954,2.00e+00,
955,1.92e+00,
956,1.92e+00,
957,1.92e+00,
958,2.00e+00,
959,1.92e+00,
960,1.92e+00,
961,1.92e+00,
962,1.92e+00,
963,1.92e+00,
964,2.00e+00,
965,1.92e+00,
966,1.92e+00,
967,1.92e+00,
968,1.92e+00,
969,1.92e+00,
970,1.92e+00,
971,1.92e+00,
972,1.92e+00,
973,1.92e+00,
974,1.92e+00,
975,2.00e+00,
976,2.00e+00,
977,2.00e+00,
978,2.00e+00,
979,1.92e+00,
980,1.92e+00,
981,1.92e+00,
982,1.92e+00,
983,2.00e+00,
984,1.92e+00,
985,1.92e+00,
986,2.00e+00,
987,1.92e+00,
988,1.92e+00,
989,1.92e+00,
990,1.92e+00,
991,1.92e+00,
992,2.00e+00,
993,1.92e+00,
994,2.00e+00,
995,1.92e+00,
996,2.00e+00,
997,1.92e+00,
998,1.92e+00,
999,2.00e+00,
1000,1.92e+00,
1001,1.92e+00,
1002,2.00e+00,
1003,2.00e+00,
1004,1.92e+00,
1005,1.92e+00,
1006,1.92e+00,
1007,1.92e+00,
1008,2.00e+00,
1009,1.92e+00,
1010,2.00e+00,
1011,1.92e+00,
1012,1.92e+00,
1013,1.92e+00,
1014,1.92e+00,
1015,2.00e+00,
1016,2.00e+00,
1017,1.92e+00,
1018,1.92e+00,
1019,2.00e+00,
1020,1.92e+00,
1021,2.00e+00,
1022,1.92e+00,
1023,1.92e+00,
1024,2.00e+00,
1025,2.00e+00,
1026,1.92e+00,
1027,2.00e+00,
1028,1.92e+00,
1029,2.00e+00,
1030,1.92e+00,
1031,1.92e+00,
1032,1.92e+00,
1033,1.92e+00,
1034,1.92e+00,
1035,1.92e+00,
1036,2.00e+00,
1037,1.92e+00,
1038,2.00e+00,
1039,2.00e+00,
1040,2.00e+00,
1041,1.92e+00,
1042,2.00e+00,
1043,2.00e+00,
1044,1.92e+00,
1045,1.92e+00,
1046,1.92e+00,
1047,2.00e+00,
1048,1.92e+00,
1049,1.92e+00,
1050,1.92e+00,
1051,2.00e+00,
1052,1.92e+00,
1053,1.92e+00,
1054,1.92e+00,
1055,1.92e+00,
1056,2.00e+00,
1057,2.00e+00,
1058,2.00e+00,
1059,1.92e+00,
1060,1.92e+00,
1061,1.92e+00,
1062,1.92e+00,
1063,2.00e+00,
1064,1.92e+00,
1065,1.92e+00,
1066,2.00e+00,
1067,1.92e+00,
1068,1.92e+00,
1069,2.00e+00,
1070,1.92e+00,
1071,1.92e+00,
1072,1.92e+00,
1073,1.92e+00,
1074,2.00e+00,
1075,2.00e+00,
1076,1.92e+00,
1077,2.00e+00,
1078,1.92e+00,
1079,1.92e+00,
1080,1.92e+00,
1081,2.00e+00,
1082,1.92e+00,
1083,1.92e+00,
1084,1.92e+00,
1085,1.92e+00,
1086,1.92e+00,
1087,1.92e+00,
1088,1.92e+00,
1089,2.00e+00,
1090,2.00e+00,
1091,1.92e+00,
1092,2.00e+00,
1093,1.92e+00,
1094,1.92e+00,
1095,1.92e+00,
1096,1.92e+00,
1097,2.00e+00,
1098,1.92e+00,
1099,1.92e+00,
1100,1.92e+00,
1101,1.92e+00,
1102,1.92e+00,
1103,2.00e+00,
1104,1.92e+00,
1105,1.92e+00,
1106,1.92e+00,
1107,1.92e+00,
1108,1.92e+00,
1109,1.92e+00,
1110,1.92e+00,
1111,1.92e+00,
1112,1.92e+00,
1113,1.92e+00,
1114,1.92e+00,
1115,1.92e+00,
1116,1.92e+00,
1117,2.00e+00,
1118,1.92e+00,
1119,2.00e+00,
1120,2.00e+00,
1121,2.00e+00,
1122,1.92e+00,
1123,2.00e+00,
1124,1.92e+00,
1125,1.92e+00,
1126,1.92e+00,
1127,1.92e+00,
1128,1.92e+00,
1129,1.92e+00,
1130,1.92e+00,
1131,1.92e+00,
1132,1.92e+00,
1133,1.92e+00,
1134,1.92e+00,
1135,1.92e+00,
1136,1.92e+00,
1137,2.00e+00,
1138,1.92e+00,
1139,1.92e+00,
1140,2.00e+00,
1141,1.92e+00,
1142,1.92e+00,
1143,2.00e+00,
1144,1.92e+00,
1145,2.00e+00,
1146,2.00e+00,
1147,2.00e+00,
1148,1.92e+00,
1149,2.00e+00,
1150,1.92e+00,
1151,2.00e+00,
1152,2.00e+00,
1153,1.92e+00,
1154,1.92e+00,
1155,1.92e+00,
1156,1.92e+00,
1157,1.92e+00,
1158,1.92e+00,
1159,1.92e+00,
1160,1.92e+00,
1161,1.92e+00,
1162,1.92e+00,
1163,1.92e+00,
1164,1.92e+00,
1165,1.92e+00,
1166,2.00e+00,
1167,1.92e+00,
1168,1.92e+00,
1169,1.92e+00,
1170,1.92e+00,
1171,1.92e+00,
1172,1.92e+00,
1173,1.92e+00,
1174,2.00e+00,
1175,1.92e+00,
1176,1.92e+00,
1177,1.92e+00,
1178,1.92e+00,
1179,2.00e+00,
1180,1.92e+00,
1181,1.92e+00,
1182,1.92e+00,
1183,1.92e+00,
1184,2.00e+00,
1185,1.92e+00,
1186,2.00e+00,
1187,2.00e+00,
1188,1.92e+00,
1189,2.00e+00,
1190,2.00e+00,
1191,2.00e+00,
1192,1.92e+00,
1193,1.92e+00,
1194,1.92e+00,
1195,1.92e+00,
1196,1.92e+00,
1197,1.92e+00,
1198,2.00e+00,
1199,1.92e+00,
1200,1.92e+00,
1201,1.92e+00,
1202,2.00e+00,
1203,1.92e+00,
1204,1.92e+00,
1205,2.00e+00,
1206,1.92e+00,
1207,2.00e+00,
1208,2.00e+00,
1209,1.92e+00,
1210,1.92e+00,
1211,1.92e+00,
1212,1.92e+00,
1213,1.92e+00,
1214,2.00e+00,
1215,1.92e+00,
1216,1.92e+00,
1217,1.92e+00,
1218,1.92e+00,
1219,2.00e+00,
1220,1.92e+00,
1221,2.00e+00,
1222,1.92e+00,
1223,1.92e+00,
1224,1.92e+00,
1225,1.92e+00,
1226,2.00e+00,
1227,1.92e+00,
1228,1.92e+00,
1229,1.92e+00,
1230,1.92e+00,
1231,1.92e+00,
1232,1.92e+00,
1233,1.92e+00,
1234,2.00e+00,
1235,1.92e+00,
1236,1.92e+00,
1237,1.92e+00,
1238,2.00e+00,
1239,1.92e+00,
1240,1.92e+00,
1241,1.92e+00,
1242,1.92e+00,
1243,1.92e+00,
1244,2.00e+00,
1245,1.92e+00,
1246,2.00e+00,
1247,2.00e+00,
1248,2.00e+00,
1249,1.92e+00,
1250,1.92e+00,
1251,2.00e+00,
1252,1.92e+00,
1253,2.00e+00,
1254,1.92e+00,
1255,2.00e+00,
1256,2.00e+00,
1257,2.00e+00,
1258,1.92e+00,
1259,1.92e+00,
1260,1.92e+00,
1261,1.92e+00,
1262,2.00e+00,
1263,2.00e+00,
1264,1.92e+00,
1265,2.00e+00,
1266,1.92e+00,
1267,1.92e+00,
1268,2.00e+00,
1269,1.92e+00,
1270,2.00e+00,
1271,2.00e+00,
1272,1.92e+00,
1273,1.92e+00,
1274,2.00e+00,
1275,2.00e+00,
1276,2.00e+00,
1277,1.92e+00,
1278,1.92e+00,
1279,1.92e+00,
1280,1.92e+00,
1281,1.92e+00,
1282,2.00e+00,
1283,1.92e+00,
1284,1.92e+00,
1285,2.00e+00,
1286,1.92e+00,
1287,1.92e+00,
1288,2.00e+00,
1289,2.00e+00,
1290,2.00e+00,
1291,2.00e+00,
1292,2.00e+00,
1293,1.92e+00,
1294,2.00e+00,
1295,2.00e+00,
1296,1.92e+00,
1297,1.92e+00,
1298,1.92e+00,
1299,1.92e+00,
1300,1.92e+00,
1301,2.00e+00,
1302,1.92e+00,
1303,1.92e+00,
1304,1.92e+00,
1305,1.92e+00,
1306,1.92e+00,
1307,2.00e+00,
1308,2.00e+00,
1309,1.92e+00,
1310,1.92e+00,
1311,1.92e+00,
1312,1.92e+00,
1313,2.00e+00,
1314,2.00e+00,
1315,1.92e+00,
1316,1.92e+00,
1317,1.92e+00,
1318,2.00e+00,
1319,1.92e+00,
1320,2.00e+00,
1321,1.92e+00,
1322,1.92e+00,
1323,2.00e+00,
1324,1.92e+00,
1325,2.00e+00,
1326,1.92e+00,
1327,1.92e+00,
1328,2.00e+00,
1329,1.92e+00,
1330,2.00e+00,
1331,2.00e+00,
1332,1.92e+00,
1333,1.92e+00,
1334,1.92e+00,
1335,1.92e+00,
1336,2.00e+00,
1337,1.92e+00,
1338,2.00e+00,
1339,2.00e+00,
1340,1.92e+00,
1341,2.00e+00,
1342,1.92e+00,
1343,2.00e+00,
1344,1.92e+00,
1345,2.00e+00,
1346,2.00e+00,
1347,1.92e+00,
1348,2.00e+00,
1349,1.92e+00,
1350,1.92e+00,
1351,1.92e+00,
1352,2.00e+00,
1353,2.00e+00,
1354,2.00e+00,
1355,2.00e+00,
1356,1.92e+00,
1357,1.92e+00,
1358,1.92e+00,
1359,2.00e+00,
1360,1.92e+00,
1361,2.00e+00,
1362,2.00e+00,
1363,1.92e+00,
1364,2.00e+00,
1365,2.00e+00,
1366,1.92e+00,
1367,2.00e+00,
1368,2.00e+00,
1369,1.92e+00,
1370,2.00e+00,
1371,2.00e+00,
1372,1.92e+00,
1373,2.00e+00,
1374,1.92e+00,
1375,1.92e+00,
1376,2.00e+00,
1377,2.00e+00,
1378,1.92e+00,
1379,1.92e+00,
1380,1.92e+00,
1381,2.00e+00,
1382,1.92e+00,
1383,2.00e+00,
1384,2.00e+00,
1385,1.92e+00,
1386,1.92e+00,
1387,2.00e+00,
1388,2.00e+00,
1389,2.00e+00,
1390,1.92e+00,
1391,1.92e+00,
1392,2.00e+00,
1393,2.00e+00,
1394,2.00e+00,
1395,2.00e+00,
1396,1.92e+00,
1397,1.92e+00,
1398,1.92e+00,
1399,1.92e+00,
1400,2.00e+00,
1401,1.92e+00,
1402,1.92e+00,
1403,1.92e+00,
1404,1.92e+00,
1405,2.00e+00,
1406,1.92e+00,
1407,2.00e+00,
1408,2.00e+00,
1409,2.00e+00,
1410,2.00e+00,
1411,2.00e+00,
1412,1.92e+00,
1413,2.00e+00,
1414,2.00e+00,
1415,2.00e+00,
1416,1.92e+00,
1417,1.92e+00,
1418,1.92e+00,
1419,1.92e+00,
1420,1.92e+00,
1421,2.00e+00,
1422,2.00e+00,
1423,2.00e+00,
1424,2.00e+00,
1425,2.00e+00,
1426,1.92e+00,
1427,1.92e+00,
1428,2.00e+00,
1429,2.00e+00,
1430,1.92e+00,
1431,1.92e+00,
1432,1.92e+00,
1433,1.92e+00,
1434,2.00e+00,
1435,2.00e+00,
1436,2.00e+00,
1437,1.92e+00,
1438,2.00e+00,
1439,1.92e+00,
1440,2.00e+00,
1441,2.00e+00,
1442,2.00e+00,
1443,2.00e+00,
1444,2.00e+00,
1445,1.92e+00,
1446,2.00e+00,
1447,2.00e+00,
1448,1.92e+00,
1449,1.92e+00,
1450,2.00e+00,
1451,1.92e+00,
1452,1.92e+00,
1453,1.92e+00,
1454,2.00e+00,
1455,2.00e+00,
1456,2.00e+00,
1457,1.92e+00,
1458,2.00e+00,
1459,1.92e+00,
1460,1.92e+00,
1461,1.92e+00,
1462,1.92e+00,
1463,2.00e+00,
1464,2.00e+00,
1465,2.00e+00,
1466,2.00e+00,
1467,2.00e+00,
1468,2.00e+00,
1469,1.92e+00,
1470,2.00e+00,
1471,1.92e+00,
1472,2.00e+00,
1473,2.00e+00,
1474,2.00e+00,
1475,2.00e+00,
1476,2.00e+00,
1477,2.00e+00,
1478,2.00e+00,
1479,2.00e+00,
1480,2.00e+00,
1481,2.00e+00,
1482,2.00e+00,
1483,2.00e+00,
1484,2.00e+00,
1485,2.00e+00,
1486,2.00e+00,
1487,2.00e+00,
1488,2.00e+00,
1489,2.00e+00,
1490,2.00e+00,
1491,2.00e+00,
1492,2.00e+00,
1493,2.00e+00,
1494,2.00e+00,
1495,2.00e+00,
1496,2.00e+00,
1497,2.00e+00,
1498,2.00e+00,
1499,2.00e+00,
1500,2.00e+00,
1501,2.00e+00,
1502,2.00e+00,
1503,2.00e+00,
1504,2.00e+00,
1505,2.00e+00,
1506,2.00e+00,
1507,2.00e+00,
1508,2.00e+00,
1509,2.00e+00,
1510,2.00e+00,
1511,2.00e+00,
1512,2.00e+00,
1513,2.00e+00,
1514,2.00e+00,
1515,2.00e+00,
1516,2.00e+00,
1517,2.00e+00,
1518,2.00e+00,
1519,2.00e+00,
1520,2.00e+00,
1521,2.00e+00,
1522,2.00e+00,
1523,2.00e+00,
1524,2.00e+00,
1525,2.00e+00,
1526,2.00e+00,
1527,2.00e+00,
1528,2.00e+00,
1529,2.00e+00,
1530,2.00e+00,
1531,2.00e+00,
1532,2.00e+00,
1533,2.00e+00,
1534,2.00e+00,
1535,2.00e+00,
1536,2.00e+00,
1537,2.00e+00,
1538,2.00e+00,
1539,2.00e+00,
1540,2.00e+00,
1541,2.00e+00,
1542,2.00e+00,
1543,2.00e+00,
1544,2.00e+00,
1545,2.00e+00,
1546,2.00e+00,
1547,2.00e+00,
1548,2.00e+00,
1549,2.00e+00,
1550,2.00e+00,
1551,2.00e+00,
1552,2.00e+00,
1553,2.00e+00,
1554,2.00e+00,
1555,2.00e+00,
1556,2.00e+00,
1557,2.00e+00,
1558,2.00e+00,
1559,2.00e+00,
1560,2.00e+00,
1561,2.00e+00,
1562,2.00e+00,
1563,2.00e+00,
1564,2.00e+00,
1565,2.00e+00,
1566,2.00e+00,
1567,2.00e+00,
1568,2.00e+00,
1569,2.00e+00,
1570,2.00e+00,
1571,2.00e+00,
1572,2.00e+00,
1573,2.00e+00,
1574,2.00e+00,
1575,2.00e+00,
1576,2.00e+00,
1577,2.00e+00,
1578,2.00e+00,
1579,2.00e+00,
1580,2.00e+00,
1581,2.00e+00,
1582,2.00e+00,
1583,2.00e+00,
1584,2.00e+00,
1585,2.00e+00,
1586,2.00e+00,
1587,2.00e+00,
1588,2.00e+00,
1589,2.00e+00,
1590,2.00e+00,
1591,2.00e+00,
1592,2.00e+00,
1593,2.00e+00,
1594,2.00e+00,
1595,2.00e+00,
1596,2.00e+00,
1597,2.00e+00,
1598,2.00e+00,
1599,2.00e+00,
1600,2.00e+00,
1601,2.00e+00,
1602,2.00e+00,
1603,2.08e+00,
1604,2.00e+00,
1605,2.00e+00,
1606,2.00e+00,
1607,2.00e+00,
1608,2.00e+00,
1609,2.00e+00,
1610,2.00e+00,
1611,2.00e+00,
1612,2.00e+00,
1613,2.00e+00,
1614,2.00e+00,
1615,2.00e+00,
1616,2.00e+00,
1617,2.00e+00,
1618,2.00e+00,
1619,2.00e+00,
1620,2.00e+00,
1621,2.00e+00,
1622,2.00e+00,
1623,2.00e+00,
1624,2.00e+00,
1625,2.00e+00,
1626,2.08e+00,
1627,2.00e+00,
1628,2.00e+00,
1629,2.00e+00,
1630,2.00e+00,
1631,2.00e+00,
1632,2.00e+00,
1633,2.00e+00,
1634,2.00e+00,
1635,2.00e+00,
1636,2.00e+00,
1637,2.00e+00,
1638,2.00e+00,
1639,2.08e+00,
1640,2.00e+00,
1641,2.08e+00,
1642,2.00e+00,
1643,2.08e+00,
1644,2.00e+00,
1645,2.08e+00,
1646,2.00e+00,
1647,2.00e+00,
1648,2.00e+00,
1649,2.08e+00,
1650,2.00e+00,
1651,2.08e+00,
1652,2.00e+00,
1653,2.00e+00,
1654,2.00e+00,
1655,2.08e+00,
1656,2.08e+00,
1657,2.00e+00,
1658,2.00e+00,
1659,2.08e+00,
1660,2.08e+00,
1661,2.08e+00,
1662,2.08e+00,
1663,2.08e+00,
1664,2.08e+00,
1665,2.08e+00,
1666,2.08e+00,
1667,2.08e+00,
1668,2.08e+00,
1669,2.08e+00,
1670,2.08e+00,
1671,2.08e+00,
1672,2.00e+00,
1673,2.08e+00,
1674,2.08e+00,
1675,2.08e+00,
1676,2.08e+00,
1677,2.08e+00,
1678,2.08e+00,
1679,2.00e+00,
1680,2.08e+00,
1681,2.08e+00,
1682,2.08e+00,
1683,2.08e+00,
1684,2.08e+00,
1685,2.08e+00,
1686,2.08e+00,
1687,2.08e+00,
1688,2.08e+00,
1689,2.08e+00,
1690,2.08e+00,
1691,2.08e+00,
1692,2.08e+00,
1693,2.08e+00,
1694,2.08e+00,
1695,2.08e+00,
1696,2.08e+00,
1697,2.08e+00,
1698,2.08e+00,
1699,2.08e+00,
1700,2.08e+00,
1701,2.08e+00,
1702,2.08e+00,
1703,2.08e+00,
1704,2.08e+00,
1705,2.08e+00,
1706,2.08e+00,
1707,2.08e+00,
1708,2.08e+00,
1709,2.08e+00,
1710,2.08e+00,
1711,2.08e+00,
1712,2.08e+00,
1713,2.08e+00,
1714,2.08e+00,
1715,2.08e+00,
1716,2.08e+00,
1717,2.08e+00,
1718,2.08e+00,
1719,2.08e+00,
1720,2.08e+00,
1721,2.08e+00,
1722,2.08e+00,
1723,2.08e+00,
1724,2.08e+00,
1725,2.08e+00,
1726,2.08e+00,
1727,2.08e+00,
1728,2.08e+00,
1729,2.08e+00,
1730,2.08e+00,
1731,2.08e+00,
1732,2.08e+00,
1733,2.08e+00,
1734,2.08e+00,
1735,2.08e+00,
1736,2.08e+00,
1737,2.08e+00,
1738,2.08e+00,
1739,2.08e+00,
1740,2.08e+00,
1741,2.08e+00,
1742,2.08e+00,
1743,2.08e+00,
1744,2.08e+00,
1745,2.08e+00,
1746,2.08e+00,
1747,2.08e+00,
1748,2.08e+00,
1749,2.08e+00,
1750,2.08e+00,
1751,2.08e+00,
1752,2.08e+00,
1753,2.08e+00,
1754,2.08e+00,
1755,2.08e+00,
1756,2.08e+00,
1757,2.08e+00,
1758,2.08e+00,
1759,2.08e+00,
1760,2.08e+00,
1761,2.08e+00,
1762,2.08e+00,
1763,2.08e+00,
1764,2.08e+00,
1765,2.08e+00,
1766,2.08e+00,
1767,2.08e+00,
1768,2.08e+00,
1769,2.08e+00,
1770,2.08e+00,
1771,2.08e+00,
1772,2.08e+00,
1773,2.08e+00,
1774,2.08e+00,
1775,2.08e+00,
1776,2.08e+00,
1777,2.08e+00,
1778,2.08e+00,
1779,2.16e+00,
1780,2.08e+00,
1781,2.08e+00,
1782,2.16e+00,
1783,2.16e+00,
1784,2.16e+00,
1785,2.08e+00,
1786,2.08e+00,
1787,2.08e+00,
1788,2.08e+00,
1789,2.16e+00,
1790,2.16e+00,
1791,2.08e+00,
1792,2.08e+00,
1793,2.16e+00,
1794,2.08e+00,
1795,2.16e+00,
1796,2.16e+00,
1797,2.16e+00,
1798,2.16e+00,
1799,2.16e+00,
1800,2.16e+00,
1801,2.16e+00,
1802,2.16e+00,
1803,2.16e+00,
1804,2.16e+00,
1805,2.16e+00,
1806,2.16e+00,
1807,2.16e+00,
1808,2.16e+00,
1809,2.16e+00,
1810,2.16e+00,
1811,2.16e+00,
1812,2.16e+00,
1813,2.16e+00,
1814,2.16e+00,
1815,2.16e+00,
1816,2.16e+00,
1817,2.16e+00,
1818,2.16e+00,
1819,2.16e+00,
1820,2.08e+00,
1821,2.16e+00,
1822,2.16e+00,
1823,2.16e+00,
1824,2.16e+00,
1825,2.16e+00,
1826,2.16e+00,
1827,2.16e+00,
1828,2.16e+00,
1829,2.16e+00,
1830,2.16e+00,
1831,2.16e+00,
1832,2.16e+00,
1833,2.16e+00,
1834,2.16e+00,
1835,2.16e+00,
1836,2.16e+00,
1837,2.16e+00,
1838,2.16e+00,
1839,2.16e+00,
1840,2.16e+00,
1841,2.16e+00,
1842,2.16e+00,
1843,2.16e+00,
1844,2.16e+00,
1845,2.16e+00,
1846,2.16e+00,
1847,2.16e+00,
1848,2.16e+00,
1849,2.16e+00,
1850,2.16e+00,
1851,2.16e+00,
1852,2.16e+00,
1853,2.16e+00,
1854,2.16e+00,
1855,2.16e+00,
1856,2.16e+00,
1857,2.16e+00,
1858,2.16e+00,
1859,2.16e+00,
1860,2.16e+00,
1861,2.24e+00,
1862,2.16e+00,
1863,2.24e+00,
1864,2.16e+00,
1865,2.24e+00,
1866,2.16e+00,
1867,2.16e+00,
1868,2.24e+00,
1869,2.16e+00,
1870,2.24e+00,
1871,2.24e+00,
1872,2.16e+00,
1873,2.24e+00,
1874,2.16e+00,
1875,2.24e+00,
1876,2.24e+00,
1877,2.24e+00,
1878,2.24e+00,
1879,2.24e+00,
1880,2.24e+00,
1881,2.24e+00,
1882,2.24e+00,
1883,2.24e+00,
1884,2.24e+00,
1885,2.24e+00,
1886,2.24e+00,
1887,2.24e+00,
1888,2.24e+00,
1889,2.24e+00,
1890,2.24e+00,
1891,2.24e+00,
1892,2.24e+00,
1893,2.24e+00,
1894,2.24e+00,
1895,2.24e+00,
1896,2.24e+00,
1897,2.24e+00,
1898,2.24e+00,
1899,2.24e+00,
1900,2.24e+00,
1901,2.24e+00,
1902,2.24e+00,
1903,2.24e+00,
1904,2.24e+00,
1905,2.24e+00,
1906,2.24e+00,
1907,2.24e+00,
1908,2.24e+00,
1909,2.24e+00,
1910,2.24e+00,
1911,2.24e+00,
1912,2.32e+00,
1913,2.24e+00,
1914,2.32e+00,
1915,2.24e+00,
1916,2.24e+00,
1917,2.24e+00,
1918,2.32e+00,
1919,2.24e+00,
1920,2.32e+00,
1921,2.24e+00,
1922,2.32e+00,
1923,2.24e+00,
1924,2.32e+00,
1925,2.32e+00,
1926,2.32e+00,
1927,2.32e+00,
1928,2.32e+00,
1929,2.32e+00,
1930,2.32e+00,
1931,2.32e+00,
1932,2.32e+00,
1933,2.32e+00,
1934,2.32e+00,
1935,2.32e+00,
1936,2.32e+00,
1937,2.32e+00,
1938,2.32e+00,
1939,2.32e+00,
1940,2.32e+00,
1941,2.32e+00,
1942,2.32e+00,
1943,2.32e+00,
1944,2.32e+00,
1945,2.32e+00,
1946,2.32e+00,
1947,2.32e+00,
1948,2.32e+00,
1949,2.32e+00,
1950,2.32e+00,
1951,2.32e+00,
1952,2.32e+00,
1953,2.32e+00,
1954,2.32e+00,
1955,2.32e+00,
1956,2.32e+00,
1957,2.32e+00,
1958,2.32e+00,
1959,2.32e+00,
1960,2.40e+00,
1961,2.40e+00,
1962,2.32e+00,
1963,2.32e+00,
1964,2.32e+00,
1965,2.40e+00,
1966,2.32e+00,
1967,2.40e+00,
1968,2.40e+00,
1969,2.40e+00,
1970,2.40e+00,
1971,2.40e+00,
1972,2.32e+00,
1973,2.40e+00,
1974,2.40e+00,
1975,2.40e+00,
1976,2.40e+00,
1977,2.40e+00,
1978,2.40e+00,
1979,2.40e+00,
1980,2.40e+00,
1981,2.40e+00,
1982,2.40e+00,
1983,2.40e+00,
1984,2.40e+00,
1985,2.40e+00,
1986,2.40e+00,
1987,2.40e+00,
1988,2.40e+00,
1989,2.40e+00,
1990,2.40e+00,
1991,2.40e+00,
1992,2.40e+00,
1993,2.40e+00,
1994,2.40e+00,
1995,2.40e+00,
1996,2.40e+00,
1997,2.40e+00,
1998,2.40e+00,
1999,2.40e+00,
2000,2.40e+00,
2001,2.40e+00,
2002,2.40e+00,
2003,2.40e+00,
2004,2.48e+00,
2005,2.48e+00,
2006,2.48e+00,
2007,2.40e+00,
2008,2.48e+00,
2009,2.48e+00,
2010,2.48e+00,
2011,2.48e+00,
2012,2.48e+00,
2013,2.48e+00,
2014,2.48e+00,
2015,2.48e+00,
2016,2.48e+00,
2017,2.48e+00,
2018,2.48e+00,
2019,2.48e+00,
2020,2.48e+00,
2021,2.48e+00,
2022,2.48e+00,
2023,2.48e+00,
2024,2.48e+00,
2025,2.48e+00,
2026,2.48e+00,
2027,2.48e+00,
2028,2.48e+00,
2029,2.48e+00,
2030,2.48e+00,
2031,2.48e+00,
2032,2.48e+00,
2033,2.48e+00,
2034,2.48e+00,
2035,2.48e+00,
2036,2.48e+00,
2037,2.48e+00,
2038,2.48e+00,
2039,2.48e+00,
2040,2.48e+00,
2041,2.48e+00,
2042,2.56e+00,
2043,2.48e+00,
2044,2.56e+00,
2045,2.56e+00,
2046,2.56e+00,
2047,2.56e+00,
2048,2.56e+00,
2049,2.56e+00,
2050,2.56e+00,
2051,2.56e+00,
2052,2.56e+00,
2053,2.56e+00,
2054,2.56e+00,
2055,2.56e+00,
2056,2.56e+00,
2057,2.56e+00,
2058,2.56e+00,
2059,2.56e+00,
2060,2.56e+00,
2061,2.56e+00,
2062,2.56e+00,
2063,2.56e+00,
2064,2.56e+00,
2065,2.56e+00,
2066,2.56e+00,
2067,2.56e+00,
2068,2.56e+00,
2069,2.56e+00,
2070,2.56e+00,
2071,2.64e+00,
2072,2.56e+00,
2073,2.64e+00,
2074,2.56e+00,
2075,2.64e+00,
2076,2.64e+00,
2077,2.64e+00,
2078,2.64e+00,
2079,2.64e+00,
2080,2.64e+00,
2081,2.64e+00,
2082,2.64e+00,
2083,2.64e+00,
2084,2.64e+00,
2085,2.64e+00,
2086,2.64e+00,
2087,2.64e+00,
2088,2.64e+00,
2089,2.64e+00,
2090,2.64e+00,
2091,2.64e+00,
2092,2.64e+00,
2093,2.64e+00,
2094,2.64e+00,
2095,2.64e+00,
2096,2.64e+00,
2097,2.64e+00,
2098,2.64e+00,
2099,2.64e+00,
2100,2.64e+00,
2101,2.72e+00,
2102,2.64e+00,
2103,2.64e+00,
2104,2.64e+00,
2105,2.72e+00,
2106,2.64e+00,
2107,2.72e+00,
2108,2.72e+00,
2109,2.64e+00,
2110,2.72e+00,
2111,2.72e+00,
2112,2.72e+00,
2113,2.72e+00,
2114,2.72e+00,
2115,2.72e+00,
2116,2.72e+00,
2117,2.72e+00,
2118,2.72e+00,
2119,2.72e+00,
2120,2.72e+00,
2121,2.72e+00,
2122,2.72e+00,
2123,2.72e+00,
2124,2.72e+00,
2125,2.72e+00,
2126,2.72e+00,
2127,2.72e+00,
2128,2.72e+00,
2129,2.72e+00,
2130,2.72e+00,
2131,2.72e+00,
2132,2.72e+00,
2133,2.72e+00,
2134,2.72e+00,
2135,2.72e+00,
2136,2.72e+00,
2137,2.80e+00,
2138,2.80e+00,
2139,2.80e+00,
2140,2.80e+00,
2141,2.72e+00,
2142,2.80e+00,
2143,2.80e+00,
2144,2.80e+00,
2145,2.80e+00,
2146,2.80e+00,
2147,2.80e+00,
2148,2.80e+00,
2149,2.80e+00,
2150,2.80e+00,
2151,2.80e+00,
2152,2.80e+00,
2153,2.80e+00,
2154,2.80e+00,
2155,2.80e+00,
2156,2.80e+00,
2157,2.80e+00,
2158,2.80e+00,
2159,2.80e+00,
2160,2.88e+00,
2161,2.80e+00,
2162,2.80e+00,
2163,2.80e+00,
2164,2.80e+00,
2165,2.88e+00,
2166,2.88e+00,
2167,2.88e+00,
2168,2.88e+00,
2169,2.88e+00,
2170,2.88e+00,
2171,2.88e+00,
2172,2.88e+00,
2173,2.88e+00,
2174,2.88e+00,
2175,2.88e+00,
2176,2.88e+00,
2177,2.88e+00,
2178,2.88e+00,
2179,2.88e+00,
2180,2.88e+00,
2181,2.88e+00,
2182,2.88e+00,
2183,2.88e+00,
2184,2.88e+00,
2185,2.88e+00,
2186,2.88e+00,
2187,2.88e+00,
2188,2.88e+00,
2189,2.88e+00,
2190,2.88e+00,
2191,2.96e+00,
2192,2.96e+00,
2193,2.96e+00,
2194,2.96e+00,
2195,2.96e+00,
2196,2.96e+00,
2197,2.96e+00,
2198,2.88e+00,
2199,2.96e+00,
2200,2.96e+00,
2201,2.96e+00,
2202,2.96e+00,
2203,2.96e+00,
2204,2.96e+00,
2205,2.96e+00,
2206,2.96e+00,
2207,2.96e+00,
2208,2.96e+00,
2209,2.96e+00,
2210,2.96e+00,
2211,2.96e+00,
2212,2.96e+00,
2213,2.96e+00,
2214,2.96e+00,
2215,2.96e+00,
2216,2.96e+00,
2217,2.96e+00,
2218,2.96e+00,
2219,2.96e+00,
2220,3.12e+00,
2221,3.12e+00,
2222,3.12e+00,
2223,3.12e+00,
2224,3.12e+00,
2225,3.12e+00,
2226,2.96e+00,
2227,3.12e+00,
2228,3.12e+00,
2229,3.12e+00,
2230,3.12e+00,
2231,3.12e+00,
2232,3.12e+00,
2233,3.12e+00,
2234,3.12e+00,
2235,3.12e+00,
2236,3.12e+00,
2237,3.12e+00,
2238,3.12e+00,
2239,3.12e+00,
2240,3.12e+00,
2241,3.12e+00,
2242,3.20e+00,
2243,3.12e+00,
2244,3.12e+00,
2245,3.20e+00,
2246,3.12e+00,
2247,3.20e+00,
2248,3.20e+00,
2249,3.20e+00,
2250,3.20e+00,
2251,3.20e+00,
2252,3.20e+00,
2253,3.20e+00,
2254,3.20e+00,
2255,3.20e+00,
2256,3.20e+00,
2257,3.20e+00,
2258,3.20e+00,
2259,3.20e+00,
2260,3.20e+00,
2261,3.20e+00,
2262,3.20e+00,
2263,3.20e+00,
2264,3.20e+00,
2265,3.20e+00,
2266,3.20e+00,
2267,3.20e+00,
2268,3.20e+00,
2269,3.20e+00,
2270,3.20e+00,
2271,3.28e+00,
2272,3.28e+00,
2273,3.28e+00,
2274,3.28e+00,
2275,3.28e+00,
2276,3.28e+00,
2277,3.28e+00,
2278,3.28e+00,
2279,3.28e+00,
2280,3.28e+00,
2281,3.28e+00,
2282,3.28e+00,
2283,3.28e+00,
2284,3.28e+00,
2285,3.28e+00,
2286,3.28e+00,
2287,3.28e+00,
2288,3.28e+00,
2289,3.36e+00,
2290,3.28e+00,
2291,3.28e+00,
2292,3.36e+00,
2293,3.36e+00,
2294,3.36e+00,
2295,3.36e+00,
2296,3.36e+00,
2297,3.36e+00,
2298,3.36e+00,
2299,3.36e+00,
2300,3.36e+00,
2301,3.36e+00,
2302,3.36e+00,
2303,3.36e+00,
2304,3.36e+00,
2305,3.36e+00,
2306,3.36e+00,
2307,3.36e+00,
2308,3.36e+00,
2309,3.36e+00,
2310,3.36e+00,
2311,3.36e+00,
2312,3.36e+00,
2313,3.44e+00,
2314,3.36e+00,
2315,3.36e+00,
2316,3.44e+00,
2317,3.44e+00,
2318,3.44e+00,
2319,3.44e+00,
2320,3.44e+00,
2321,3.44e+00,
2322,3.44e+00,
2323,3.44e+00,
2324,3.44e+00,
2325,3.44e+00,
2326,3.44e+00,
2327,3.44e+00,
2328,3.44e+00,
2329,3.44e+00,
2330,3.44e+00,
2331,3.44e+00,
2332,3.44e+00,
2333,3.44e+00,
2334,3.44e+00,
2335,3.44e+00,
2336,3.52e+00,
2337,3.44e+00,
2338,3.52e+00,
2339,3.52e+00,
2340,3.52e+00,
2341,3.52e+00,
2342,3.52e+00,
2343,3.52e+00,
2344,3.52e+00,
2345,3.52e+00,
2346,3.52e+00,
2347,3.52e+00,
2348,3.52e+00,
2349,3.52e+00,
2350,3.52e+00,
2351,3.52e+00,
2352,3.52e+00,
2353,3.52e+00,
2354,3.60e+00,
2355,3.60e+00,
2356,3.60e+00,
2357,3.52e+00,
2358,3.60e+00,
2359,3.60e+00,
2360,3.60e+00,
2361,3.60e+00,
2362,3.60e+00,
2363,3.60e+00,
2364,3.60e+00,
2365,3.60e+00,
2366,3.60e+00,
2367,3.60e+00,
2368,3.60e+00,
2369,3.60e+00,
2370,3.60e+00,
2371,3.60e+00,
2372,3.60e+00,
2373,3.68e+00,
2374,3.60e+00,
2375,3.60e+00,
2376,3.68e+00,
2377,3.68e+00,
2378,3.68e+00,
2379,3.68e+00,
2380,3.68e+00,
2381,3.68e+00,
2382,3.68e+00,
2383,3.68e+00,
2384,3.68e+00,
2385,3.68e+00,
2386,3.68e+00,
2387,3.68e+00,
2388,3.68e+00,
2389,3.68e+00,
2390,3.68e+00,
2391,3.68e+00,
2392,3.76e+00,
2393,3.76e+00,
2394,3.76e+00,
2395,3.76e+00,
2396,3.76e+00,
2397,3.76e+00,
2398,3.76e+00,
2399,3.76e+00,
2400,3.76e+00,
2401,3.76e+00,
2402,3.76e+00,
2403,3.76e+00,
2404,3.76e+00,
2405,3.84e+00,
2406,3.76e+00,
2407,3.76e+00,
2408,3.84e+00,
2409,3.84e+00,
2410,3.84e+00,
2411,3.84e+00,
2412,3.84e+00,
2413,3.84e+00,
2414,3.84e+00,
2415,3.84e+00,
2416,3.84e+00,
2417,3.84e+00,
2418,3.84e+00,
2419,3.84e+00,
2420,3.84e+00,
2421,3.84e+00,
2422,3.84e+00,
2423,3.84e+00,
2424,3.84e+00,
2425,3.84e+00,
2426,3.84e+00,
2427,3.84e+00,
2428,3.84e+00,
2429,3.84e+00,
2430,3.92e+00,
2431,3.92e+00,
2432,3.92e+00,
2433,3.92e+00,
2434,3.92e+00,
2435,3.92e+00,
2436,3.92e+00,
2437,3.92e+00,
2438,3.92e+00,
2439,3.92e+00,
2440,3.92e+00,
2441,3.92e+00,
2442,3.92e+00,
2443,3.92e+00,
2444,3.92e+00,
2445,3.92e+00,
2446,4.00e+00,
2447,4.00e+00,
2448,4.00e+00,
2449,4.00e+00,
2450,4.00e+00,
2451,4.00e+00,
2452,4.00e+00,
2453,4.00e+00,
2454,4.00e+00,
2455,4.00e+00,
2456,4.00e+00,
2457,4.00e+00,
2458,4.00e+00,
2459,4.00e+00,
2460,4.08e+00,
2461,4.00e+00,
2462,4.00e+00,
2463,4.00e+00,
2464,4.00e+00,
2465,4.00e+00,
2466,4.08e+00,
2467,4.08e+00,
2468,4.08e+00,
2469,4.08e+00,
2470,4.08e+00,
2471,4.08e+00,
2472,4.08e+00,
2473,4.08e+00,
2474,4.08e+00,
2475,4.08e+00,
2476,4.08e+00,
2477,4.08e+00,
2478,4.08e+00,
2479,4.08e+00,
2480,4.08e+00,
2481,4.08e+00,
2482,4.08e+00,
2483,4.08e+00,
2484,4.08e+00,
2485,4.08e+00,
2486,4.08e+00,
2487,4.16e+00,
2488,4.16e+00,
2489,4.16e+00,
2490,4.16e+00,
2491,4.16e+00,
2492,4.16e+00,
2493,4.16e+00,
2494,4.16e+00,
2495,4.16e+00,
2496,4.16e+00,
2497,4.16e+00,
2498,4.16e+00,
2499,4.16e+00,
2500,4.16e+00,
2501,4.16e+00,
2502,4.24e+00,
2503,4.16e+00,
2504,4.24e+00,
2505,4.24e+00,
2506,4.24e+00,
2507,4.24e+00,
2508,4.24e+00,
2509,4.24e+00,
2510,4.24e+00,
2511,4.24e+00,
2512,4.24e+00,
2513,4.24e+00,
2514,4.24e+00,
2515,4.24e+00,
2516,4.32e+00,
2517,4.24e+00,
2518,4.24e+00,
2519,4.24e+00,
2520,4.24e+00,
2521,4.24e+00,
2522,4.24e+00,
2523,4.32e+00,
2524,4.32e+00,
2525,4.32e+00,
2526,4.32e+00,
2527,4.32e+00,
2528,4.32e+00,
2529,4.32e+00,
2530,4.32e+00,
2531,4.32e+00,
2532,4.32e+00,
2533,4.32e+00,
2534,4.32e+00,
2535,4.32e+00,
2536,4.32e+00,
2537,4.32e+00,
2538,4.32e+00,
2539,4.32e+00,
2540,4.32e+00,
2541,4.32e+00,
2542,4.32e+00,
2543,4.40e+00,
2544,4.40e+00,
2545,4.40e+00,
2546,4.40e+00,
2547,4.40e+00,
2548,4.40e+00,
2549,4.40e+00,
2550,4.40e+00,
2551,4.40e+00,
2552,4.40e+00,
2553,4.40e+00,
2554,4.40e+00,
2555,4.40e+00,
2556,4.40e+00,
2557,4.40e+00,
2558,4.40e+00,
2559,4.40e+00,
2560,4.40e+00,
2561,4.48e+00,
2562,4.40e+00,
2563,4.48e+00,
2564,4.48e+00,
2565,4.48e+00,
2566,4.48e+00,
2567,4.48e+00,
2568,4.48e+00,
2569,4.48e+00,
2570,4.48e+00,
2571,4.48e+00,
2572,4.48e+00,
2573,4.48e+00,
2574,4.48e+00,
2575,4.48e+00,
2576,4.48e+00,
2577,4.48e+00,
2578,4.48e+00,
2579,4.48e+00,
2580,4.56e+00,
2581,4.48e+00,
2582,4.48e+00,
2583,4.48e+00,
2584,4.56e+00,
2585,4.56e+00,
2586,4.56e+00,
2587,4.56e+00,
2588,4.56e+00,
2589,4.56e+00,
2590,4.56e+00,
2591,4.56e+00,
2592,4.56e+00,
2593,4.56e+00,
2594,4.56e+00,
2595,4.56e+00,
2596,4.56e+00,
2597,4.56e+00,
2598,4.64e+00,
2599,4.64e+00,
2600,4.64e+00,
2601,4.64e+00,
2602,4.64e+00,
2603,4.64e+00,
2604,4.64e+00,
2605,4.64e+00,
2606,4.64e+00,
2607,4.64e+00,
2608,4.64e+00,
2609,4.64e+00,
2610,4.64e+00,
2611,4.64e+00,
2612,4.64e+00,
2613,4.64e+00,
2614,4.64e+00,
2615,4.80e+00,
2616,4.64e+00,
2617,4.64e+00,
2618,4.64e+00,
2619,4.80e+00,
2620,4.80e+00,
2621,4.80e+00,
2622,4.80e+00,
2623,4.80e+00,
2624,4.80e+00,
2625,4.80e+00,
2626,4.80e+00,
2627,4.80e+00,
2628,4.80e+00,
2629,4.80e+00,
2630,4.80e+00,
2631,4.80e+00,
2632,4.80e+00,
2633,4.80e+00,
2634,4.80e+00,
2635,4.80e+00,
2636,4.80e+00,
2637,4.88e+00,
2638,4.88e+00,
2639,4.88e+00,
2640,4.88e+00,
2641,4.88e+00,
2642,4.88e+00,
2643,4.88e+00,
2644,4.88e+00,
2645,4.88e+00,
2646,4.88e+00,
2647,4.88e+00,
2648,4.88e+00,
2649,4.88e+00,
2650,4.88e+00,
2651,4.88e+00,
2652,4.88e+00,
2653,4.88e+00,
2654,4.88e+00,
2655,4.88e+00,
2656,4.88e+00,
2657,4.88e+00,
2658,4.88e+00,
2659,4.96e+00,
2660,4.96e+00,
2661,4.96e+00,
2662,4.96e+00,
2663,4.96e+00,
2664,4.96e+00,
2665,4.96e+00,
2666,4.96e+00,
2667,4.96e+00,
2668,4.96e+00,
2669,4.96e+00,
2670,4.96e+00,
2671,4.96e+00,
2672,4.96e+00,
2673,4.96e+00,
2674,4.96e+00,
2675,4.96e+00,
2676,4.96e+00,
2677,4.96e+00,
2678,4.96e+00,
2679,5.04e+00,
2680,5.04e+00,
2681,4.96e+00,
2682,5.04e+00,
2683,5.04e+00,
2684,5.04e+00,
2685,5.04e+00,
2686,5.04e+00,
2687,5.04e+00,
2688,5.04e+00,
2689,5.04e+00,
2690,5.04e+00,
2691,5.04e+00,
2692,5.04e+00,
2693,5.04e+00,
2694,5.04e+00,
2695,5.12e+00,
2696,5.04e+00,
2697,5.12e+00,
2698,5.12e+00,
2699,5.12e+00,
2700,5.12e+00,
2701,5.12e+00,
2702,5.12e+00,
2703,5.12e+00,
2704,5.12e+00,
2705,5.12e+00,
2706,5.12e+00,
2707,5.12e+00,
2708,5.12e+00,
2709,5.12e+00,
2710,5.12e+00,
2711,5.12e+00,
2712,5.12e+00,
2713,5.12e+00,
2714,5.12e+00,
2715,5.12e+00,
2716,5.12e+00,
2717,5.20e+00,
2718,5.20e+00,
2719,5.20e+00,
2720,5.20e+00,
2721,5.20e+00,
2722,5.20e+00,
2723,5.20e+00,
2724,5.20e+00,
2725,5.20e+00,
2726,5.20e+00,
2727,5.20e+00,
2728,5.20e+00,
2729,5.20e+00,
2730,5.28e+00,
2731,5.28e+00,
2732,5.28e+00,
2733,5.28e+00,
2734,5.28e+00,
2735,5.28e+00,
2736,5.28e+00,
2737,5.28e+00,
2738,5.28e+00,
2739,5.28e+00,
2740,5.28e+00,
2741,5.28e+00,
2742,5.28e+00,
2743,5.28e+00,
2744,5.28e+00,
2745,5.28e+00,
2746,5.36e+00,
2747,5.28e+00,
2748,5.28e+00,
2749,5.36e+00,
2750,5.36e+00,
2751,5.36e+00,
2752,5.36e+00,
2753,5.36e+00,
2754,5.36e+00,
2755,5.36e+00,
2756,5.36e+00,
2757,5.36e+00,
2758,5.36e+00,
2759,5.36e+00,
2760,5.36e+00,
2761,5.36e+00,
2762,5.36e+00,
2763,5.44e+00,
2764,5.44e+00,
2765,5.36e+00,
2766,5.44e+00,
2767,5.44e+00,
2768,5.44e+00,
2769,5.44e+00,
2770,5.44e+00,
2771,5.44e+00,
2772,5.44e+00,
2773,5.44e+00,
2774,5.44e+00,
2775,5.44e+00,
2776,5.44e+00,
2777,5.44e+00,
2778,5.44e+00,
2779,5.44e+00,
2780,5.52e+00,
2781,5.52e+00,
2782,5.52e+00,
2783,5.52e+00,
2784,5.52e+00,
2785,5.52e+00,
2786,5.52e+00,
2787,5.52e+00,
2788,5.52e+00,
2789,5.52e+00,
2790,5.52e+00,
2791,5.52e+00,
2792,5.52e+00,
2793,5.52e+00,
2794,5.52e+00,
2795,5.52e+00,
2796,5.52e+00,
2797,5.52e+00,
2798,5.52e+00,
2799,5.60e+00,
2800,5.60e+00,
2801,5.60e+00,
2802,5.60e+00,
2803,5.60e+00,
2804,5.60e+00,
2805,5.60e+00,
2806,5.60e+00,
2807,5.60e+00,
2808,5.60e+00,
2809,5.60e+00,
2810,5.60e+00,
2811,5.60e+00,
2812,5.60e+00,
2813,5.60e+00,
2814,5.60e+00,
2815,5.60e+00,
2816,5.60e+00,
2817,5.68e+00,
2818,5.68e+00,
2819,5.60e+00,
2820,5.68e+00,
2821,5.68e+00,
2822,5.68e+00,
2823,5.68e+00,
2824,5.68e+00,
2825,5.68e+00,
2826,5.68e+00,
2827,5.68e+00,
2828,5.68e+00,
2829,5.68e+00,
2830,5.68e+00,
2831,5.68e+00,
2832,5.68e+00,
2833,5.68e+00,
2834,5.68e+00,
2835,5.68e+00,
2836,5.68e+00,
2837,5.76e+00,
2838,5.76e+00,
2839,5.76e+00,
2840,5.76e+00,
2841,5.76e+00,
2842,5.76e+00,
2843,5.76e+00,
2844,5.76e+00,
2845,5.76e+00,
2846,5.76e+00,
2847,5.76e+00,
2848,5.76e+00,
2849,5.76e+00,
2850,5.76e+00,
2851,5.76e+00,
2852,5.84e+00,
2853,5.84e+00,
2854,5.84e+00,
2855,5.84e+00,
2856,5.84e+00,
2857,5.84e+00,
2858,5.84e+00,
2859,5.84e+00,
2860,5.84e+00,
2861,5.84e+00,
2862,5.84e+00,
2863,5.84e+00,
2864,5.84e+00,
2865,5.84e+00,
2866,5.84e+00,
2867,5.84e+00,
2868,5.84e+00,
2869,5.84e+00,
2870,5.84e+00,
2871,5.92e+00,
2872,5.84e+00,
2873,5.92e+00,
2874,5.92e+00,
2875,5.92e+00,
2876,5.92e+00,
2877,5.92e+00,
2878,5.92e+00,
2879,5.92e+00,
2880,5.92e+00,
2881,5.92e+00,
2882,5.92e+00,
2883,5.92e+00,
2884,5.92e+00,
2885,5.92e+00,
2886,5.92e+00,
2887,5.92e+00,
2888,5.92e+00,
2889,5.92e+00,
2890,6.00e+00,
2891,6.00e+00,
2892,6.00e+00,
2893,6.00e+00,
2894,6.00e+00,
2895,6.00e+00,
2896,6.00e+00,
2897,6.00e+00,
2898,6.00e+00,
2899,6.00e+00,
2900,6.00e+00,
2901,6.00e+00,
2902,6.00e+00,
2903,6.00e+00,
2904,6.00e+00,
2905,6.00e+00,
2906,6.00e+00,
2907,6.00e+00,
2908,6.08e+00,
2909,6.00e+00,
2910,6.08e+00,
2911,6.08e+00,
2912,6.08e+00,
2913,6.08e+00,
2914,6.08e+00,
2915,6.08e+00,
2916,6.08e+00,
2917,6.08e+00,
2918,6.08e+00,
2919,6.08e+00,
2920,6.08e+00,
2921,6.08e+00,
2922,6.08e+00,
2923,6.08e+00,
2924,6.08e+00,
2925,6.08e+00,
2926,6.16e+00,
2927,6.16e+00,
2928,6.16e+00,
2929,6.16e+00,
2930,6.16e+00,
2931,6.16e+00,
2932,6.16e+00,
2933,6.16e+00,
2934,6.16e+00,
2935,6.16e+00,
2936,6.16e+00,
2937,6.16e+00,
2938,6.16e+00,
2939,6.16e+00,
2940,6.16e+00,
2941,6.16e+00,
2942,6.24e+00,
2943,6.16e+00,
2944,6.24e+00,
2945,6.24e+00,
2946,6.24e+00,
2947,6.24e+00,
2948,6.24e+00,
2949,6.24e+00,
2950,6.24e+00,
2951,6.24e+00,
2952,6.24e+00,
2953,6.24e+00,
2954,6.24e+00,
2955,6.24e+00,
2956,6.24e+00,
2957,6.24e+00,
2958,6.24e+00,
2959,6.24e+00,
2960,6.24e+00,
2961,6.32e+00,
2962,6.24e+00,
2963,6.32e+00,
2964,6.32e+00,
2965,6.32e+00,
2966,6.32e+00,
2967,6.32e+00,
2968,6.32e+00,
2969,6.32e+00,
2970,6.32e+00,
2971,6.32e+00,
2972,6.32e+00,
2973,6.32e+00,
2974,6.32e+00,
2975,6.32e+00,
2976,6.32e+00,
2977,6.32e+00,
2978,6.32e+00,
2979,6.48e+00,
2980,6.48e+00,
2981,6.48e+00,
2982,6.48e+00,
2983,6.48e+00,
2984,6.48e+00,
2985,6.48e+00,
2986,6.48e+00,
2987,6.48e+00,
2988,6.48e+00,
2989,6.48e+00,
2990,6.48e+00,
2991,6.48e+00,
2992,6.48e+00,
2993,6.48e+00,
2994,6.48e+00,
2995,6.48e+00,
2996,6.48e+00,
2997,6.48e+00,
2998,6.56e+00,
2999,6.56e+00,
3000,6.56e+00,
3001,6.56e+00,
3002,6.56e+00,
3003,6.56e+00,
3004,6.56e+00,
3005,6.56e+00,
3006,6.56e+00,
3007,6.56e+00,
3008,6.56e+00,
3009,6.56e+00,
3010,6.56e+00,
3011,6.56e+00,
3012,6.56e+00,
3013,6.56e+00,
3014,6.64e+00,
3015,6.56e+00,
3016,6.64e+00,
3017,6.64e+00,
3018,6.64e+00,
3019,6.64e+00,
3020,6.64e+00,
3021,6.64e+00,
3022,6.64e+00,
3023,6.64e+00,
3024,6.64e+00,
3025,6.64e+00,
3026,6.64e+00,
3027,6.64e+00,
3028,6.64e+00,
3029,6.64e+00,
3030,6.64e+00,
3031,6.64e+00,
3032,6.72e+00,
3033,6.72e+00,
3034,6.72e+00,
3035,6.72e+00,
3036,6.64e+00,
3037,6.72e+00,
3038,6.72e+00,
3039,6.72e+00,
3040,6.72e+00,
3041,6.72e+00,
3042,6.72e+00,
3043,6.72e+00,
3044,6.72e+00,
3045,6.72e+00,
3046,6.72e+00,
3047,6.72e+00,
3048,6.72e+00,
3049,6.72e+00,
3050,6.72e+00,
3051,6.72e+00,
3052,6.80e+00,
3053,6.80e+00,
3054,6.80e+00,
3055,6.80e+00,
3056,6.80e+00,
3057,6.80e+00,
3058,6.80e+00,
3059,6.80e+00,
3060,6.80e+00,
3061,6.80e+00,
3062,6.80e+00,
3063,6.80e+00,
3064,6.80e+00,
3065,6.80e+00,
3066,6.80e+00,
3067,6.80e+00,
3068,6.80e+00,
3069,6.88e+00,
3070,6.88e+00,
3071,6.88e+00,
3072,6.88e+00,
3073,6.88e+00,
3074,6.88e+00,
3075,6.88e+00,
3076,6.88e+00,
3077,6.88e+00,
3078,6.88e+00,
3079,6.88e+00,
3080,6.88e+00,
3081,6.88e+00,
3082,6.88e+00,
3083,6.88e+00,
3084,6.88e+00,
3085,6.88e+00,
3086,6.96e+00,
3087,6.88e+00,
3088,6.96e+00,
3089,6.96e+00,
3090,6.96e+00,
3091,6.96e+00,
3092,6.96e+00,
3093,6.96e+00,
3094,6.96e+00,
3095,6.96e+00,
3096,6.96e+00,
3097,6.96e+00,
3098,6.96e+00,
3099,6.96e+00,
3100,6.96e+00,
3101,6.96e+00,
3102,6.96e+00,
3103,6.96e+00,
3104,6.96e+00,
3105,7.04e+00,
3106,7.04e+00,
3107,7.04e+00,
3108,7.04e+00,
3109,7.04e+00,
3110,7.04e+00,
3111,7.04e+00,
3112,7.04e+00,
3113,7.04e+00,
3114,7.04e+00,
3115,7.04e+00,
3116,7.04e+00,
3117,7.04e+00,
3118,7.04e+00,
3119,7.04e+00,
3120,7.04e+00,
3121,7.12e+00,
3122,7.12e+00,
3123,7.04e+00,
3124,7.12e+00,
3125,7.04e+00,
3126,7.12e+00,
3127,7.12e+00,
3128,7.12e+00,
3129,7.12e+00,
3130,7.12e+00,
3131,7.12e+00,
3132,7.12e+00,
3133,7.12e+00,
3134,7.12e+00,
3135,7.12e+00,
3136,7.12e+00,
3137,7.12e+00,
3138,7.12e+00,
3139,7.12e+00,
3140,7.20e+00,
3141,7.20e+00,
3142,7.20e+00,
3143,7.20e+00,
3144,7.20e+00,
3145,7.20e+00,
3146,7.20e+00,
3147,7.20e+00,
3148,7.20e+00,
3149,7.20e+00,
3150,7.20e+00,
3151,7.20e+00,
3152,7.20e+00,
3153,7.28e+00,
3154,7.28e+00,
3155,7.20e+00,
3156,7.28e+00,
3157,7.28e+00,
3158,7.28e+00,
3159,7.28e+00,
3160,7.28e+00,
3161,7.28e+00,
3162,7.28e+00,
3163,7.28e+00,
3164,7.28e+00,
3165,7.28e+00,
3166,7.28e+00,
3167,7.28e+00,
3168,7.28e+00,
3169,7.28e+00,
3170,7.28e+00,
3171,7.28e+00,
3172,7.36e+00,
3173,7.36e+00,
3174,7.36e+00,
3175,7.28e+00,
3176,7.36e+00,
3177,7.36e+00,
3178,7.36e+00,
3179,7.36e+00,
3180,7.36e+00,
3181,7.36e+00,
3182,7.36e+00,
3183,7.36e+00,
3184,7.36e+00,
3185,7.36e+00,
3186,7.36e+00,
3187,7.36e+00,
3188,7.36e+00,
3189,7.44e+00,
3190,7.44e+00,
3191,7.44e+00,
3192,7.44e+00,
3193,7.44e+00,
3194,7.44e+00,
3195,7.44e+00,
3196,7.44e+00,
3197,7.44e+00,
3198,7.44e+00,
3199,7.44e+00,
3200,7.44e+00,
3201,7.44e+00,
3202,7.44e+00,
3203,7.44e+00,
3204,7.44e+00,
3205,7.52e+00,
3206,7.52e+00,
3207,7.52e+00,
3208,7.52e+00,
3209,7.52e+00,
3210,7.52e+00,
3211,7.52e+00,
3212,7.52e+00,
3213,7.52e+00,
3214,7.52e+00,
3215,7.52e+00,
3216,7.52e+00,
3217,7.52e+00,
3218,7.52e+00,
3219,7.52e+00,
3220,7.60e+00,
3221,7.60e+00,
3222,7.60e+00,
3223,7.60e+00,
3224,7.60e+00,
3225,7.60e+00,
3226,7.60e+00,
3227,7.60e+00,
3228,7.60e+00,
3229,7.60e+00,
3230,7.60e+00,
3231,7.60e+00,
3232,7.60e+00,
3233,7.60e+00,
3234,7.60e+00,
3235,7.60e+00,
3236,7.60e+00,
3237,7.60e+00,
3238,7.60e+00,
3239,7.68e+00,
3240,7.60e+00,
3241,7.60e+00,
3242,7.60e+00,
3243,7.60e+00,
3244,7.68e+00,
3245,7.68e+00,
3246,7.68e+00,
3247,7.68e+00,
3248,7.68e+00,
3249,7.68e+00,
3250,7.68e+00,
3251,7.68e+00,
3252,7.68e+00,
3253,7.68e+00,
3254,7.68e+00,
3255,7.68e+00,
3256,7.76e+00,
3257,7.68e+00,
3258,7.76e+00,
3259,7.76e+00,
3260,7.68e+00,
3261,7.76e+00,
3262,7.76e+00,
3263,7.76e+00,
3264,7.76e+00,
3265,7.76e+00,
3266,7.76e+00,
3267,7.76e+00,
3268,7.76e+00,
3269,7.76e+00,
3270,7.76e+00,
3271,7.76e+00,
3272,7.76e+00,
3273,7.76e+00,
3274,7.84e+00,
3275,7.76e+00,
3276,7.76e+00,
3277,7.76e+00,
3278,7.76e+00,
3279,7.84e+00,
3280,7.84e+00,
3281,7.84e+00,
3282,7.76e+00,
3283,7.84e+00,
3284,7.84e+00,
3285,7.84e+00,
3286,7.84e+00,
3287,7.84e+00,
3288,7.84e+00,
3289,7.84e+00,
3290,7.84e+00,
3291,7.84e+00,
3292,7.84e+00,
3293,7.84e+00,
3294,7.84e+00,
3295,7.84e+00,
3296,7.84e+00,
3297,7.84e+00,
3298,7.92e+00,
3299,7.92e+00,
3300,7.92e+00,
3301,7.92e+00,
3302,7.92e+00,
3303,7.92e+00,
3304,7.92e+00,
3305,7.92e+00,
3306,7.92e+00,
3307,7.92e+00,
3308,7.92e+00,
3309,7.92e+00,
3310,7.92e+00,
3311,7.92e+00,
3312,7.92e+00,
3313,7.92e+00,
3314,7.92e+00,
3315,8.00e+00,
3316,7.92e+00,
3317,7.92e+00,
3318,8.00e+00,
3319,7.92e+00,
3320,8.00e+00,
3321,8.00e+00,
3322,8.00e+00,
3323,8.00e+00,
3324,8.00e+00,
3325,8.00e+00,
3326,8.00e+00,
3327,8.00e+00,
3328,8.00e+00,
3329,8.00e+00,
3330,8.00e+00,
3331,8.00e+00,
3332,8.00e+00,
3333,8.00e+00,
3334,8.16e+00,
3335,8.00e+00,
3336,8.16e+00,
3337,8.16e+00,
3338,8.00e+00,
3339,8.16e+00,
3340,8.16e+00,
3341,8.16e+00,
3342,8.16e+00,
3343,8.16e+00,
3344,8.16e+00,
3345,8.16e+00,
3346,8.16e+00,
3347,8.16e+00,
3348,8.16e+00,
3349,8.16e+00,
3350,8.16e+00,
3351,8.24e+00,
3352,8.16e+00,
3353,8.24e+00,
3354,8.24e+00,
3355,8.24e+00,
3356,8.24e+00,
3357,8.24e+00,
3358,8.24e+00,
3359,8.24e+00,
3360,8.24e+00,
3361,8.24e+00,
3362,8.24e+00,
3363,8.24e+00,
3364,8.24e+00,
3365,8.24e+00,
3366,8.24e+00,
3367,8.24e+00,
3368,8.24e+00,
3369,8.24e+00,
3370,8.32e+00,
3371,8.32e+00,
3372,8.32e+00,
3373,8.32e+00,
3374,8.32e+00,
3375,8.32e+00,
3376,8.32e+00,
3377,8.32e+00,
3378,8.32e+00,
3379,8.32e+00,
3380,8.32e+00,
3381,8.32e+00,
3382,8.32e+00,
3383,8.32e+00,
3384,8.32e+00,
3385,8.32e+00,
3386,8.32e+00,
3387,8.32e+00,
3388,8.40e+00,
3389,8.40e+00,
3390,8.40e+00,
3391,8.40e+00,
3392,8.40e+00,
3393,8.40e+00,
3394,8.40e+00,
3395,8.40e+00,
3396,8.40e+00,
3397,8.40e+00,
3398,8.40e+00,
3399,8.40e+00,
3400,8.40e+00,
3401,8.40e+00,
3402,8.40e+00,
3403,8.40e+00,
3404,8.40e+00,
3405,8.40e+00,
3406,8.48e+00,
3407,8.48e+00,
3408,8.48e+00,
3409,8.48e+00,
3410,8.48e+00,
3411,8.48e+00,
3412,8.48e+00,
3413,8.48e+00,
3414,8.48e+00,
3415,8.48e+00,
3416,8.48e+00,
3417,8.48e+00,
3418,8.48e+00,
3419,8.48e+00,
3420,8.48e+00,
3421,8.48e+00,
3422,8.56e+00,
3423,8.56e+00,
3424,8.48e+00,
3425,8.56e+00,
3426,8.56e+00,
3427,8.56e+00,
3428,8.56e+00,
3429,8.56e+00,
3430,8.56e+00,
3431,8.56e+00,
3432,8.56e+00,
3433,8.56e+00,
3434,8.56e+00,
3435,8.56e+00,
3436,8.56e+00,
3437,8.56e+00,
3438,8.56e+00,
3439,8.56e+00,
3440,8.56e+00,
3441,8.56e+00,
3442,8.56e+00,
3443,8.64e+00,
3444,8.64e+00,
3445,8.64e+00,
3446,8.64e+00,
3447,8.64e+00,
3448,8.64e+00,
3449,8.64e+00,
3450,8.64e+00,
3451,8.64e+00,
3452,8.64e+00,
3453,8.64e+00,
3454,8.64e+00,
3455,8.64e+00,
3456,8.64e+00,
3457,8.64e+00,
3458,8.64e+00,
3459,8.64e+00,
3460,8.72e+00,
3461,8.64e+00,
3462,8.72e+00,
3463,8.72e+00,
3464,8.72e+00,
3465,8.72e+00,
3466,8.72e+00,
3467,8.72e+00,
3468,8.72e+00,
3469,8.72e+00,
3470,8.72e+00,
3471,8.72e+00,
3472,8.72e+00,
3473,8.72e+00,
3474,8.72e+00,
3475,8.72e+00,
3476,8.72e+00,
3477,8.72e+00,
3478,8.72e+00,
3479,8.80e+00,
3480,8.72e+00,
3481,8.80e+00,
3482,8.80e+00,
3483,8.80e+00,
3484,8.80e+00,
3485,8.80e+00,
3486,8.80e+00,
3487,8.80e+00,
3488,8.80e+00,
3489,8.80e+00,
3490,8.80e+00,
3491,8.80e+00,
3492,8.80e+00,
3493,8.80e+00,
3494,8.80e+00,
3495,8.80e+00,
3496,8.88e+00,
3497,8.88e+00,
3498,8.88e+00,
3499,8.88e+00,
3500,8.88e+00,
3501,8.88e+00,
3502,8.88e+00,
3503,8.88e+00,
3504,8.88e+00,
3505,8.88e+00,
3506,8.88e+00,
3507,8.88e+00,
3508,8.88e+00,
3509,8.88e+00,
3510,8.88e+00,
3511,8.88e+00,
3512,8.88e+00,
3513,8.88e+00,
3514,8.88e+00,
3515,8.88e+00,
3516,8.88e+00,
3517,8.96e+00,
3518,8.88e+00,
3519,8.96e+00,
3520,8.96e+00,
3521,8.96e+00,
3522,8.96e+00,
3523,8.96e+00,
3524,8.96e+00,
3525,8.96e+00,
3526,8.96e+00,
3527,8.96e+00,
3528,8.96e+00,
3529,8.96e+00,
3530,8.96e+00,
3531,8.96e+00,
3532,8.96e+00,
3533,8.96e+00,
3534,9.04e+00,
3535,8.96e+00,
3536,9.04e+00,
3537,8.96e+00,
3538,9.04e+00,
3539,9.04e+00,
3540,9.04e+00,
3541,9.04e+00,
3542,9.04e+00,
3543,9.04e+00,
3544,9.04e+00,
3545,9.04e+00,
3546,9.04e+00,
3547,9.04e+00,
3548,9.04e+00,
3549,9.04e+00,
3550,9.04e+00,
3551,9.04e+00,
3552,9.12e+00,
3553,9.12e+00,
3554,9.12e+00,
3555,9.04e+00,
3556,9.12e+00,
3557,9.12e+00,
3558,9.12e+00,
3559,9.12e+00,
3560,9.12e+00,
3561,9.12e+00,
3562,9.12e+00,
3563,9.12e+00,
3564,9.12e+00,
3565,9.12e+00,
3566,9.12e+00,
3567,9.12e+00,
3568,9.12e+00,
3569,9.12e+00,
3570,9.20e+00,
3571,9.12e+00,
3572,9.12e+00,
3573,9.12e+00,
3574,9.20e+00,
3575,9.20e+00,
3576,9.20e+00,
3577,9.20e+00,
3578,9.20e+00,
3579,9.20e+00,
3580,9.20e+00,
3581,9.20e+00,
3582,9.20e+00,
3583,9.20e+00,
3584,9.20e+00,
3585,9.20e+00,
3586,9.20e+00,
3587,9.20e+00,
3588,9.20e+00,
3589,9.28e+00,
3590,9.28e+00,
3591,9.28e+00,
3592,9.28e+00,
3593,9.28e+00,
3594,9.28e+00,
3595,9.28e+00,
3596,9.28e+00,
3597,9.28e+00,
3598,9.28e+00,
3599,9.28e+00,
3600,9.28e+00,
3601,9.28e+00,
3602,9.28e+00,
3603,9.28e+00,
3604,9.28e+00,
3605,9.28e+00,
3606,9.28e+00,
3607,9.28e+00,
3608,9.36e+00,
3609,9.36e+00,
3610,9.36e+00,
3611,9.36e+00,
3612,9.36e+00,
3613,9.36e+00,
3614,9.36e+00,
3615,9.36e+00,
3616,9.36e+00,
3617,9.36e+00,
3618,9.36e+00,
3619,9.36e+00,
3620,9.36e+00,
3621,9.36e+00,
3622,9.36e+00,
3623,9.36e+00,
3624,9.36e+00,
3625,9.36e+00,
3626,9.44e+00,
3627,9.44e+00,
3628,9.44e+00,
3629,9.44e+00,
3630,9.44e+00,
3631,9.44e+00,
3632,9.44e+00,
3633,9.44e+00,
3634,9.44e+00,
3635,9.44e+00,
3636,9.44e+00,
3637,9.44e+00,
3638,9.44e+00,
3639,9.52e+00,
3640,9.52e+00,
3641,9.52e+00,
3642,9.44e+00,
3643,9.52e+00,
3644,9.52e+00,
3645,9.52e+00,
3646,9.52e+00,
3647,9.52e+00,
3648,9.52e+00,
3649,9.52e+00,
3650,9.52e+00,
3651,9.52e+00,
3652,9.52e+00,
3653,9.60e+00,
3654,9.52e+00,
3655,9.60e+00,
3656,9.60e+00,
3657,9.60e+00,
3658,9.60e+00,
3659,9.60e+00,
3660,9.60e+00,
3661,9.60e+00,
3662,9.60e+00,
3663,9.60e+00,
3664,9.60e+00,
3665,9.60e+00,
3666,9.60e+00,
3667,9.60e+00,
3668,9.60e+00,
3669,9.60e+00,
3670,9.60e+00,
3671,9.60e+00,
3672,9.60e+00,
3673,9.60e+00,
3674,9.60e+00,
3675,9.60e+00,
3676,9.60e+00,
3677,9.68e+00,
3678,9.68e+00,
3679,9.68e+00,
3680,9.68e+00,
3681,9.68e+00,
3682,9.68e+00,
3683,9.68e+00,
3684,9.68e+00,
3685,9.68e+00,
3686,9.68e+00,
3687,9.68e+00,
3688,9.84e+00,
3689,9.84e+00,
3690,9.84e+00,
3691,9.84e+00,
3692,9.84e+00,
3693,9.84e+00,
3694,9.84e+00,
3695,9.84e+00,
3696,9.84e+00,
3697,9.84e+00,
3698,9.84e+00,
3699,9.84e+00,
3700,9.84e+00,
3701,9.84e+00,
3702,9.84e+00,
3703,9.84e+00,
3704,9.84e+00,
3705,9.84e+00,
3706,9.92e+00,
3707,9.84e+00,
3708,9.92e+00,
3709,9.92e+00,
3710,9.92e+00,
3711,9.92e+00,
3712,9.92e+00,
3713,9.92e+00,
3714,9.92e+00,
3715,9.92e+00,
3716,9.92e+00,
3717,9.92e+00,
3718,9.92e+00,
3719,9.92e+00,
3720,9.92e+00,
3721,9.92e+00,
3722,9.92e+00,
3723,9.92e+00,
3724,1.00e+01,
3725,9.92e+00,
3726,1.00e+01,
3727,1.00e+01,
3728,1.00e+01,
3729,1.00e+01,
3730,1.00e+01,
3731,1.00e+01,
3732,1.00e+01,
3733,1.00e+01,
3734,1.00e+01,
3735,1.00e+01,
3736,1.00e+01,
3737,1.01e+01,
3738,1.01e+01,
3739,1.01e+01,
3740,1.01e+01,
3741,1.01e+01,
3742,1.01e+01,
3743,1.01e+01,
3744,1.01e+01,
3745,1.01e+01,
3746,1.01e+01,
3747,1.01e+01,
3748,1.01e+01,
3749,1.01e+01,
3750,1.01e+01,
3751,1.01e+01,
3752,1.01e+01,
3753,1.01e+01,
3754,1.01e+01,
3755,1.01e+01,
3756,1.02e+01,
3757,1.01e+01,
3758,1.02e+01,
3759,1.02e+01,
3760,1.02e+01,
3761,1.02e+01,
3762,1.02e+01,
3763,1.02e+01,
3764,1.02e+01,
3765,1.02e+01,
3766,1.02e+01,
3767,1.02e+01,
3768,1.02e+01,
3769,1.02e+01,
3770,1.02e+01,
3771,1.02e+01,
3772,1.02e+01,
3773,1.02e+01,
3774,1.02e+01,
3775,1.02e+01,
3776,1.02e+01,
3777,1.02e+01,
3778,1.02e+01,
3779,1.02e+01,
3780,1.02e+01,
3781,1.02e+01,
3782,1.02e+01,
3783,1.02e+01,
3784,1.02e+01,
3785,1.02e+01,
3786,1.02e+01,
3787,1.02e+01,
3788,1.02e+01,
3789,1.03e+01,
3790,1.03e+01,
3791,1.03e+01,
3792,1.03e+01,
3793,1.03e+01,
3794,1.03e+01,
3795,1.03e+01,
3796,1.03e+01,
3797,1.03e+01,
3798,1.03e+01,
3799,1.03e+01,
3800,1.03e+01,
3801,1.04e+01,
3802,1.04e+01,
3803,1.04e+01,
3804,1.03e+01,
3805,1.04e+01,
3806,1.04e+01,
3807,1.04e+01,
3808,1.04e+01,
3809,1.04e+01,
3810,1.04e+01,
3811,1.04e+01,
3812,1.04e+01,
3813,1.04e+01,
3814,1.04e+01,
3815,1.04e+01,
3816,1.04e+01,
3817,1.05e+01,
3818,1.05e+01,
3819,1.05e+01,
3820,1.05e+01,
3821,1.05e+01,
3822,1.05e+01,
3823,1.05e+01,
3824,1.05e+01,
3825,1.05e+01,
3826,1.05e+01,
3827,1.05e+01,
3828,1.05e+01,
3829,1.05e+01,
3830,1.05e+01,
3831,1.05e+01,
3832,1.06e+01,
3833,1.06e+01,
3834,1.05e+01,
3835,1.06e+01,
3836,1.06e+01,
3837,1.06e+01,
3838,1.06e+01,
3839,1.06e+01,
3840,1.06e+01,
3841,1.06e+01,
3842,1.06e+01,
3843,1.06e+01,
3844,1.06e+01,
3845,1.06e+01,
3846,1.06e+01,
3847,1.06e+01,
3848,1.06e+01,
3849,1.06e+01,
3850,1.06e+01,
3851,1.06e+01,
3852,1.06e+01,
3853,1.06e+01,
3854,1.06e+01,
3855,1.06e+01,
3856,1.06e+01,
3857,1.06e+01,
3858,1.06e+01,
3859,1.06e+01,
3860,1.06e+01,
3861,1.06e+01,
3862,1.06e+01,
3863,1.06e+01,
3864,1.06e+01,
3865,1.06e+01,
3866,1.07e+01,
3867,1.07e+01,
3868,1.07e+01,
3869,1.07e+01,
3870,1.07e+01,
3871,1.07e+01,
3872,1.07e+01,
3873,1.07e+01,
3874,1.07e+01,
3875,1.07e+01,
3876,1.07e+01,
3877,1.07e+01,
3878,1.08e+01,
3879,1.07e+01,
3880,1.08e+01,
3881,1.07e+01,
3882,1.08e+01,
3883,1.08e+01,
3884,1.08e+01,
3885,1.08e+01,
3886,1.08e+01,
3887,1.08e+01,
3888,1.08e+01,
3889,1.08e+01,
3890,1.08e+01,
3891,1.08e+01,
3892,1.08e+01,
3893,1.08e+01,
3894,1.08e+01,
3895,1.08e+01,
3896,1.09e+01,
3897,1.09e+01,
3898,1.08e+01,
3899,1.09e+01,
3900,1.09e+01,
3901,1.09e+01,
3902,1.09e+01,
3903,1.09e+01,
3904,1.09e+01,
3905,1.09e+01,
3906,1.09e+01,
3907,1.09e+01,
3908,1.09e+01,
3909,1.09e+01,
3910,1.09e+01,
3911,1.09e+01,
3912,1.09e+01,
3913,1.10e+01,
3914,1.10e+01,
3915,1.10e+01,
3916,1.10e+01,
3917,1.10e+01,
3918,1.10e+01,
3919,1.10e+01,
3920,1.10e+01,
3921,1.10e+01,
3922,1.10e+01,
3923,1.10e+01,
3924,1.10e+01,
3925,1.10e+01,
3926,1.10e+01,
3927,1.10e+01,
3928,1.10e+01,
3929,1.10e+01,
3930,1.10e+01,
3931,1.10e+01,
3932,1.10e+01,
3933,1.10e+01,
3934,1.10e+01,
3935,1.10e+01,
3936,1.10e+01,
3937,1.10e+01,
3938,1.10e+01,
3939,1.10e+01,
3940,1.10e+01,
3941,1.10e+01,
3942,1.10e+01,
3943,1.10e+01,
3944,1.11e+01,
3945,1.10e+01,
3946,1.11e+01,
3947,1.11e+01,
3948,1.11e+01,
3949,1.11e+01,
3950,1.11e+01,
3951,1.11e+01,
3952,1.11e+01,
3953,1.11e+01,
3954,1.11e+01,
3955,1.11e+01,
3956,1.11e+01,
3957,1.11e+01,
3958,1.11e+01,
3959,1.11e+01,
3960,1.11e+01,
3961,1.11e+01,
3962,1.12e+01,
3963,1.12e+01,
3964,1.12e+01,
3965,1.12e+01,
3966,1.12e+01,
3967,1.12e+01,
3968,1.12e+01,
3969,1.12e+01,
3970,1.12e+01,
3971,1.12e+01,
3972,1.12e+01,
3973,1.12e+01,
3974,1.12e+01,
3975,1.12e+01,
3976,1.12e+01,
3977,1.12e+01,
3978,1.12e+01,
3979,1.12e+01,
3980,1.12e+01,
3981,1.13e+01,
3982,1.12e+01,
3983,1.13e+01,
3984,1.13e+01,
3985,1.13e+01,
3986,1.13e+01,
3987,1.13e+01,
3988,1.13e+01,
3989,1.13e+01,
3990,1.13e+01,
3991,1.13e+01,
3992,1.13e+01,
3993,1.13e+01,
3994,1.13e+01,
3995,1.13e+01,
3996,1.13e+01,
3997,1.14e+01,
3998,1.14e+01,
3999,1.14e+01,
4000,1.14e+01,
4001,1.14e+01,
4002,1.14e+01,
4003,1.14e+01,
4004,1.14e+01,
4005,1.14e+01,
4006,1.14e+01,
4007,1.14e+01,
4008,1.14e+01,
4009,1.14e+01,
4010,1.14e+01,
4011,1.14e+01,
4012,1.14e+01,
4013,1.15e+01,
4014,1.15e+01,
4015,1.14e+01,
4016,1.15e+01,
4017,1.15e+01,
4018,1.15e+01,
4019,1.15e+01,
4020,1.15e+01,
4021,1.15e+01,
4022,1.15e+01,
4023,1.15e+01,
4024,1.15e+01,
4025,1.15e+01,
4026,1.15e+01,
4027,1.15e+01,
4028,1.15e+01,
4029,1.15e+01,
4030,1.16e+01,
4031,1.16e+01,
4032,1.15e+01,
4033,1.16e+01,
4034,1.16e+01,
4035,1.16e+01,
4036,1.16e+01,
4037,1.16e+01,
4038,1.16e+01,
4039,1.16e+01,
4040,1.16e+01,
4041,1.16e+01,
4042,1.16e+01,
4043,1.16e+01,
4044,1.16e+01,
4045,1.16e+01,
4046,1.16e+01,
4047,1.16e+01,
4048,1.16e+01,
4049,1.17e+01,
4050,1.16e+01,
4051,1.17e+01,
4052,1.17e+01,
4053,1.17e+01,
4054,1.17e+01,
4055,1.17e+01,
4056,1.17e+01,
4057,1.17e+01,
4058,1.17e+01,
4059,1.17e+01,
4060,1.17e+01,
4061,1.17e+01,
4062,1.17e+01,
4063,1.17e+01,
4064,1.17e+01,
4065,1.17e+01,
4066,1.18e+01,
4067,1.17e+01,
4068,1.18e+01,
4069,1.18e+01,
4070,1.18e+01,
4071,1.18e+01,
4072,1.18e+01,
4073,1.18e+01,
4074,1.18e+01,
4075,1.18e+01,
4076,1.18e+01,
4077,1.18e+01,
4078,1.18e+01,
4079,1.18e+01,
4080,1.18e+01,
4081,1.18e+01,
4082,1.18e+01,
4083,1.18e+01,
4084,1.18e+01,
4085,1.18e+01,
4086,1.18e+01,
4087,1.18e+01,
4088,1.18e+01,
4089,1.18e+01,
4090,1.18e+01,
4091,1.18e+01,
4092,1.18e+01,
4093,1.18e+01,
4094,1.18e+01,
4095,1.18e+01,
4096,1.18e+01,
4097,1.18e+01,
4098,1.18e+01,
4099,1.19e+01,
4100,1.18e+01,
4101,1.19e+01,
4102,1.19e+01,
4103,1.19e+01,
4104,1.19e+01,
4105,1.19e+01,
4106,1.19e+01,
4107,1.19e+01,
4108,1.19e+01,
4109,1.19e+01,
4110,1.19e+01,
4111,1.19e+01,
4112,1.19e+01,
4113,1.19e+01,
4114,1.19e+01,
4115,1.19e+01,
4116,1.19e+01,
4117,1.19e+01,
4118,1.20e+01,
4119,1.20e+01,
4120,1.20e+01,
4121,1.20e+01,
4122,1.20e+01,
4123,1.20e+01,
4124,1.20e+01,
4125,1.20e+01,
4126,1.20e+01,
4127,1.20e+01,
4128,1.20e+01,
4129,1.20e+01,
4130,1.20e+01,
4131,1.20e+01,
4132,1.20e+01,
4133,1.20e+01,
4134,1.21e+01,
4135,1.20e+01,
4136,1.21e+01,
4137,1.21e+01,
4138,1.21e+01,
4139,1.21e+01,
4140,1.21e+01,
4141,1.21e+01,
4142,1.21e+01,
4143,1.21e+01,
4144,1.21e+01,
4145,1.21e+01,
4146,1.21e+01,
4147,1.21e+01,
4148,1.21e+01,
4149,1.21e+01,
4150,1.21e+01,
4151,1.22e+01,
4152,1.22e+01,
4153,1.22e+01,
4154,1.22e+01,
4155,1.22e+01,
4156,1.22e+01,
4157,1.22e+01,
4158,1.22e+01,
4159,1.22e+01,
4160,1.22e+01,
4161,1.22e+01,
4162,1.22e+01,
4163,1.22e+01,
4164,1.22e+01,
4165,1.22e+01,
4166,1.22e+01,
4167,1.22e+01,
4168,1.22e+01,
4169,1.22e+01,
4170,1.22e+01,
4171,1.22e+01,
4172,1.22e+01,
4173,1.22e+01,
4174,1.22e+01,
4175,1.22e+01,
4176,1.22e+01,
4177,1.22e+01,
4178,1.22e+01,
4179,1.22e+01,
4180,1.22e+01,
4181,1.22e+01,
4182,1.22e+01,
4183,1.22e+01,
4184,1.22e+01,
4185,1.23e+01,
4186,1.22e+01,
4187,1.23e+01,
4188,1.23e+01,
4189,1.23e+01,
4190,1.23e+01,
4191,1.23e+01,
4192,1.23e+01,
4193,1.23e+01,
4194,1.23e+01,
4195,1.23e+01,
4196,1.23e+01,
4197,1.23e+01,
4198,1.23e+01,
4199,1.23e+01,
4200,1.23e+01,
4201,1.23e+01,
4202,1.23e+01,
4203,1.23e+01,
4204,1.23e+01,
4205,1.23e+01,
4206,1.24e+01,
4207,1.24e+01,
4208,1.24e+01,
4209,1.24e+01,
4210,1.24e+01,
4211,1.24e+01,
4212,1.24e+01,
4213,1.24e+01,
4214,1.24e+01,
4215,1.24e+01,
4216,1.24e+01,
4217,1.24e+01,
4218,1.24e+01,
4219,1.25e+01,
4220,1.24e+01,
4221,1.25e+01,
4222,1.25e+01,
4223,1.25e+01,
4224,1.25e+01,
4225,1.25e+01,
4226,1.25e+01,
4227,1.25e+01,
4228,1.25e+01,
4229,1.25e+01,
4230,1.25e+01,
4231,1.25e+01,
4232,1.25e+01,
4233,1.25e+01,
4234,1.25e+01,
4235,1.25e+01,
4236,1.25e+01,
4237,1.25e+01,
4238,1.26e+01,
4239,1.26e+01,
4240,1.26e+01,
4241,1.26e+01,
4242,1.26e+01,
4243,1.26e+01,
4244,1.26e+01,
4245,1.26e+01,
4246,1.26e+01,
4247,1.26e+01,
4248,1.26e+01,
4249,1.26e+01,
4250,1.26e+01,
4251,1.26e+01,
4252,1.26e+01,
4253,1.26e+01,
4254,1.26e+01,
4255,1.26e+01,
4256,1.26e+01,
4257,1.26e+01,
4258,1.26e+01,
4259,1.26e+01,
4260,1.26e+01,
4261,1.26e+01,
4262,1.26e+01,
4263,1.26e+01,
4264,1.26e+01,
4265,1.26e+01,
4266,1.26e+01,
4267,1.26e+01,
4268,1.26e+01,
4269,1.26e+01,
4270,1.26e+01,
4271,1.26e+01,
4272,1.26e+01,
4273,1.27e+01,
4274,1.27e+01,
4275,1.27e+01,
4276,1.27e+01,
4277,1.27e+01,
4278,1.27e+01,
4279,1.27e+01,
4280,1.27e+01,
4281,1.27e+01,
4282,1.27e+01,
4283,1.27e+01,
4284,1.27e+01,
4285,1.27e+01,
4286,1.27e+01,
4287,1.27e+01,
4288,1.27e+01,
4289,1.28e+01,
4290,1.28e+01,
4291,1.28e+01,
4292,1.28e+01,
4293,1.28e+01,
4294,1.28e+01,
4295,1.28e+01,
4296,1.28e+01,
4297,1.28e+01,
4298,1.28e+01,
4299,1.28e+01,
4300,1.28e+01,
4301,1.28e+01,
4302,1.28e+01,
4303,1.28e+01,
4304,1.29e+01,
4305,1.28e+01,
4306,1.28e+01,
4307,1.28e+01,
4308,1.29e+01,
4309,1.29e+01,
4310,1.29e+01,
4311,1.29e+01,
4312,1.29e+01,
4313,1.29e+01,
4314,1.29e+01,
4315,1.29e+01,
4316,1.29e+01,
4317,1.29e+01,
4318,1.29e+01,
4319,1.29e+01,
4320,1.29e+01,
4321,1.30e+01,
4322,1.30e+01,
4323,1.30e+01,
4324,1.30e+01,
4325,1.30e+01,
4326,1.30e+01,
4327,1.30e+01,
4328,1.30e+01,
4329,1.30e+01,
4330,1.30e+01,
4331,1.30e+01,
4332,1.30e+01,
4333,1.30e+01,
4334,1.30e+01,
4335,1.30e+01,
4336,1.30e+01,
4337,1.30e+01,
4338,1.30e+01,
4339,1.30e+01,
4340,1.30e+01,
4341,1.30e+01,
4342,1.30e+01,
4343,1.30e+01,
4344,1.30e+01,
4345,1.30e+01,
4346,1.30e+01,
4347,1.30e+01,
4348,1.30e+01,
4349,1.30e+01,
4350,1.30e+01,
4351,1.30e+01,
4352,1.30e+01,
4353,1.30e+01,
4354,1.30e+01,
4355,1.30e+01,
4356,1.32e+01,
4357,1.32e+01,
4358,1.32e+01,
4359,1.32e+01,
4360,1.32e+01,
4361,1.32e+01,
4362,1.32e+01,
4363,1.32e+01,
4364,1.32e+01,
4365,1.32e+01,
4366,1.32e+01,
4367,1.32e+01,
4368,1.32e+01,
4369,1.32e+01,
4370,1.32e+01,
4371,1.32e+01,
4372,1.33e+01,
4373,1.33e+01,
4374,1.33e+01,
4375,1.32e+01,
4376,1.33e+01,
4377,1.33e+01,
4378,1.33e+01,
4379,1.33e+01,
4380,1.33e+01,
4381,1.33e+01,
4382,1.33e+01,
4383,1.33e+01,
4384,1.33e+01,
4385,1.33e+01,
4386,1.33e+01,
4387,1.33e+01,
4388,1.34e+01,
4389,1.34e+01,
4390,1.34e+01,
4391,1.34e+01,
4392,1.34e+01,
4393,1.34e+01,
4394,1.34e+01,
4395,1.34e+01,
4396,1.34e+01,
4397,1.34e+01,
4398,1.34e+01,
4399,1.34e+01,
4400,1.34e+01,
4401,1.34e+01,
4402,1.34e+01,
4403,1.34e+01,
4404,1.34e+01,
4405,1.34e+01,
4406,1.34e+01,
4407,1.34e+01,
4408,1.34e+01,
4409,1.34e+01,
4410,1.34e+01,
4411,1.34e+01,
4412,1.34e+01,
4413,1.34e+01,
4414,1.34e+01,
4415,1.34e+01,
4416,1.34e+01,
4417,1.34e+01,
4418,1.34e+01,
4419,1.34e+01,
4420,1.34e+01,
4421,1.34e+01,
4422,1.34e+01,
4423,1.34e+01,
4424,1.34e+01,
4425,1.34e+01,
4426,1.34e+01,
4427,1.34e+01,
4428,1.34e+01,
4429,1.34e+01,
4430,1.34e+01,
4431,1.35e+01,
4432,1.34e+01,
4433,1.35e+01,
4434,1.35e+01,
4435,1.35e+01,
4436,1.34e+01,
4437,1.35e+01,
4438,1.35e+01,
4439,1.35e+01,
4440,1.35e+01,
4441,1.35e+01,
4442,1.35e+01,
4443,1.35e+01,
4444,1.35e+01,
4445,1.35e+01,
4446,1.35e+01,
4447,1.35e+01,
4448,1.34e+01,
4449,1.35e+01,
4450,1.35e+01,
4451,1.35e+01,
4452,1.35e+01,
4453,1.35e+01,
4454,1.35e+01,
4455,1.35e+01,
4456,1.35e+01,
4457,1.35e+01,
4458,1.35e+01,
4459,1.35e+01,
4460,1.35e+01,
4461,1.35e+01,
4462,1.35e+01,
4463,1.34e+01,
4464,1.34e+01,
4465,1.35e+01,
4466,1.35e+01,
4467,1.35e+01,
4468,1.35e+01,
4469,1.35e+01,
4470,1.35e+01,
4471,1.35e+01,
4472,1.35e+01,
4473,1.35e+01,
4474,1.35e+01,
4475,1.35e+01,
4476,1.35e+01,
4477,1.35e+01,
4478,1.35e+01,
4479,1.35e+01,
4480,1.35e+01,
4481,1.35e+01,
4482,1.35e+01,
4483,1.35e+01,
4484,1.35e+01,
4485,1.35e+01,
4486,1.35e+01,
4487,1.35e+01,
4488,1.35e+01,
4489,1.35e+01,
4490,1.35e+01,
4491,1.35e+01,
4492,1.35e+01,
4493,1.35e+01,
4494,1.35e+01,
4495,1.35e+01,
4496,1.35e+01,
4497,1.35e+01,
4498,1.35e+01,
4499,1.35e+01,
4500,1.35e+01,
4501,1.35e+01,
4502,1.35e+01,
4503,1.35e+01,
4504,1.35e+01,
4505,1.35e+01,
4506,1.35e+01,
4507,1.35e+01,
4508,1.35e+01,
4509,1.35e+01,
4510,1.35e+01,
4511,1.35e+01,
4512,1.35e+01,
4513,1.35e+01,
4514,1.35e+01,
4515,1.35e+01,
4516,1.35e+01,
4517,1.35e+01,
4518,1.35e+01,
4519,1.35e+01,
4520,1.35e+01,
4521,1.35e+01,
4522,1.35e+01,
4523,1.35e+01,
4524,1.35e+01,
4525,1.35e+01,
4526,1.35e+01,
4527,1.35e+01,
4528,1.35e+01,
4529,1.35e+01,
4530,1.35e+01,
4531,1.35e+01,
4532,1.35e+01,
4533,1.35e+01,
4534,1.35e+01,
4535,1.35e+01,
4536,1.35e+01,
4537,1.35e+01,
4538,1.35e+01,
4539,1.35e+01,
4540,1.35e+01,
4541,1.35e+01,
4542,1.35e+01,
4543,1.35e+01,
4544,1.35e+01,
4545,1.35e+01,
4546,1.35e+01,
4547,1.35e+01,
4548,1.35e+01,
4549,1.35e+01,
4550,1.35e+01,
4551,1.35e+01,
4552,1.35e+01,
4553,1.35e+01,
4554,1.35e+01,
4555,1.35e+01,
4556,1.35e+01,
4557,1.35e+01,
4558,1.35e+01,
4559,1.35e+01,
4560,1.35e+01,
4561,1.35e+01,
4562,1.35e+01,
4563,1.35e+01,
4564,1.35e+01,
4565,1.35e+01,
4566,1.35e+01,
4567,1.35e+01,
4568,1.35e+01,
4569,1.35e+01,
4570,1.35e+01,
4571,1.35e+01,
4572,1.35e+01,
4573,1.35e+01,
4574,1.35e+01,
4575,1.35e+01,
4576,1.35e+01,
4577,1.35e+01,
4578,1.35e+01,
4579,1.35e+01,
4580,1.35e+01,
4581,1.35e+01,
4582,1.35e+01,
4583,1.35e+01,
4584,1.35e+01,
4585,1.35e+01,
4586,1.35e+01,
4587,1.35e+01,
4588,1.35e+01,
4589,1.35e+01,
4590,1.35e+01,
4591,1.35e+01,
4592,1.35e+01,
4593,1.35e+01,
4594,1.35e+01,
4595,1.35e+01,
4596,1.35e+01,
4597,1.35e+01,
4598,1.35e+01,
4599,1.35e+01,
4600,1.35e+01,
4601,1.35e+01,
4602,1.35e+01,
4603,1.35e+01,
4604,1.35e+01,
4605,1.35e+01,
4606,1.35e+01,
4607,1.35e+01,
4608,1.35e+01,
4609,1.35e+01,
4610,1.35e+01,
4611,1.35e+01,
4612,1.35e+01,
4613,1.35e+01,
4614,1.35e+01,
4615,1.35e+01,
4616,1.35e+01,
4617,1.35e+01,
4618,1.35e+01,
4619,1.35e+01,
4620,1.35e+01,
4621,1.35e+01,
4622,1.35e+01,
4623,1.35e+01,
4624,1.35e+01,
4625,1.35e+01,
4626,1.35e+01,
4627,1.35e+01,
4628,1.35e+01,
4629,1.35e+01,
4630,1.35e+01,
4631,1.35e+01,
4632,1.35e+01,
4633,1.35e+01,
4634,1.35e+01,
4635,1.35e+01,
4636,1.35e+01,
4637,1.35e+01,
4638,1.35e+01,
4639,1.35e+01,
4640,1.35e+01,
4641,1.35e+01,
4642,1.35e+01,
4643,1.35e+01,
4644,1.35e+01,
4645,1.35e+01,
4646,1.35e+01,
4647,1.35e+01,
4648,1.35e+01,
4649,1.35e+01,
4650,1.35e+01,
4651,1.35e+01,
4652,1.35e+01,
4653,1.35e+01,
4654,1.35e+01,
4655,1.35e+01,
4656,1.35e+01,
4657,1.35e+01,
4658,1.35e+01,
4659,1.35e+01,
4660,1.35e+01,
4661,1.35e+01,
4662,1.35e+01,
4663,1.35e+01,
4664,1.35e+01,
4665,1.35e+01,
4666,1.35e+01,
4667,1.35e+01,
4668,1.35e+01,
4669,1.35e+01,
4670,1.35e+01,
4671,1.35e+01,
4672,1.35e+01,
4673,1.35e+01,
4674,1.35e+01,
4675,1.35e+01,
4676,1.35e+01,
4677,1.35e+01,
4678,1.35e+01,
4679,1.35e+01,
4680,1.35e+01,
4681,1.35e+01,
4682,1.35e+01,
4683,1.35e+01,
4684,1.35e+01,
4685,1.35e+01,
4686,1.35e+01,
4687,1.35e+01,
4688,1.35e+01,
4689,1.35e+01,
4690,1.35e+01,
4691,1.35e+01,
4692,1.35e+01,
4693,1.35e+01,
4694,1.35e+01,
4695,1.35e+01,
4696,1.35e+01,
4697,1.35e+01,
4698,1.35e+01,
4699,1.35e+01,
4700,1.35e+01,
4701,1.35e+01,
4702,1.35e+01,
4703,1.35e+01,
4704,1.35e+01,
4705,1.35e+01,
4706,1.35e+01,
4707,1.35e+01,
4708,1.35e+01,
4709,1.35e+01,
4710,1.35e+01,
4711,1.35e+01,
4712,1.35e+01,
4713,1.35e+01,
4714,1.35e+01,
4715,1.35e+01,
4716,1.35e+01,
4717,1.35e+01,
4718,1.35e+01,
4719,1.35e+01,
4720,1.35e+01,
4721,1.35e+01,
4722,1.35e+01,
4723,1.35e+01,
4724,1.35e+01,
4725,1.35e+01,
4726,1.35e+01,
4727,1.35e+01,
4728,1.35e+01,
4729,1.35e+01,
4730,1.35e+01,
4731,1.35e+01,
4732,1.35e+01,
4733,1.35e+01,
4734,1.35e+01,
4735,1.35e+01,
4736,1.35e+01,
4737,1.35e+01,
4738,1.35e+01,
4739,1.35e+01,
4740,1.35e+01,
4741,1.35e+01,
4742,1.35e+01,
4743,1.35e+01,
4744,1.35e+01,
4745,1.35e+01,
4746,1.35e+01,
4747,1.35e+01,
4748,1.35e+01,
4749,1.35e+01,
4750,1.35e+01,
4751,1.35e+01,
4752,1.35e+01,
4753,1.35e+01,
4754,1.35e+01,
4755,1.35e+01,
4756,1.35e+01,
4757,1.35e+01,
4758,1.35e+01,
4759,1.35e+01,
4760,1.35e+01,
4761,1.35e+01,
4762,1.35e+01,
4763,1.35e+01,
4764,1.35e+01,
4765,1.35e+01,
4766,1.35e+01,
4767,1.35e+01,
4768,1.35e+01,
4769,1.35e+01,
4770,1.35e+01,
4771,1.35e+01,
4772,1.35e+01,
4773,1.35e+01,
4774,1.35e+01,
4775,1.35e+01,
4776,1.35e+01,
4777,1.35e+01,
4778,1.35e+01,
4779,1.35e+01,
4780,1.35e+01,
4781,1.35e+01,
4782,1.35e+01,
4783,1.35e+01,
4784,1.35e+01,
4785,1.35e+01,
4786,1.35e+01,
4787,1.35e+01,
4788,1.35e+01,
4789,1.35e+01,
4790,1.35e+01,
4791,1.35e+01,
4792,1.35e+01,
4793,1.35e+01,
4794,1.35e+01,
4795,1.35e+01,
4796,1.35e+01,
4797,1.35e+01,
4798,1.35e+01,
4799,1.35e+01,
4800,1.35e+01,
4801,1.35e+01,
4802,1.35e+01,
4803,1.35e+01,
4804,1.35e+01,
4805,1.35e+01,
4806,1.35e+01,
4807,1.35e+01,
4808,1.35e+01,
4809,1.35e+01,
4810,1.35e+01,
4811,1.35e+01,
4812,1.35e+01,
4813,1.35e+01,
4814,1.35e+01,
4815,1.35e+01,
4816,1.35e+01,
4817,1.35e+01,
4818,1.35e+01,
4819,1.35e+01,
4820,1.35e+01,
4821,1.35e+01,
4822,1.35e+01,
4823,1.35e+01,
4824,1.35e+01,
4825,1.35e+01,
4826,1.35e+01,
4827,1.35e+01,
4828,1.35e+01,
4829,1.35e+01,
4830,1.35e+01,
4831,1.35e+01,
4832,1.35e+01,
4833,1.35e+01,
4834,1.35e+01,
4835,1.35e+01,
4836,1.35e+01,
4837,1.35e+01,
4838,1.35e+01,
4839,1.35e+01,
4840,1.35e+01,
4841,1.35e+01,
4842,1.35e+01,
4843,1.35e+01,
4844,1.35e+01,
4845,1.35e+01,
4846,1.35e+01,
4847,1.35e+01,
4848,1.35e+01,
4849,1.35e+01,
4850,1.35e+01,
4851,1.35e+01,
4852,1.35e+01,
4853,1.35e+01,
4854,1.35e+01,
4855,1.35e+01,
4856,1.35e+01,
4857,1.35e+01,
4858,1.35e+01,
4859,1.35e+01,
4860,1.35e+01,
4861,1.35e+01,
4862,1.35e+01,
4863,1.35e+01,
4864,1.35e+01,
4865,1.35e+01,
4866,1.35e+01,
4867,1.35e+01,
4868,1.35e+01,
4869,1.35e+01,
4870,1.35e+01,
4871,1.35e+01,
4872,1.35e+01,
4873,1.35e+01,
4874,1.35e+01,
4875,1.35e+01,
4876,1.35e+01,
4877,1.35e+01,
4878,1.35e+01,
4879,1.35e+01,
4880,1.35e+01,
4881,1.35e+01,
4882,1.35e+01,
4883,1.35e+01,
4884,1.35e+01,
4885,1.35e+01,
4886,1.35e+01,
4887,1.35e+01,
4888,1.35e+01,
4889,1.35e+01,
4890,1.35e+01,
4891,1.35e+01,
4892,1.35e+01,
4893,1.35e+01,
4894,1.35e+01,
4895,1.35e+01,
4896,1.35e+01,
4897,1.35e+01,
4898,1.35e+01,
4899,1.35e+01,
4900,1.35e+01,
4901,1.35e+01,
4902,1.35e+01,
4903,1.35e+01,
4904,1.35e+01,
4905,1.35e+01,
4906,1.35e+01,
4907,1.35e+01,
4908,1.35e+01,
4909,1.35e+01,
4910,1.35e+01,
4911,1.35e+01,
4912,1.35e+01,
4913,1.35e+01,
4914,1.35e+01,
4915,1.35e+01,
4916,1.35e+01,
4917,1.35e+01,
4918,1.35e+01,
4919,1.35e+01,
4920,1.35e+01,
4921,1.35e+01,
4922,1.35e+01,
4923,1.35e+01,
4924,1.35e+01,
4925,1.35e+01,
4926,1.35e+01,
4927,1.35e+01,
4928,1.35e+01,
4929,1.35e+01,
4930,1.35e+01,
4931,1.35e+01,
4932,1.35e+01,
4933,1.35e+01,
4934,1.35e+01,
4935,1.35e+01,
4936,1.35e+01,
4937,1.35e+01,
4938,1.35e+01,
4939,1.35e+01,
4940,1.35e+01,
4941,1.35e+01,
4942,1.35e+01,
4943,1.35e+01,
4944,1.35e+01,
4945,1.35e+01,
4946,1.35e+01,
4947,1.35e+01,
4948,1.35e+01,
4949,1.35e+01,
4950,1.35e+01,
4951,1.35e+01,
4952,1.35e+01,
4953,1.35e+01,
4954,1.35e+01,
4955,1.35e+01,
4956,1.35e+01,
4957,1.35e+01,
4958,1.35e+01,
4959,1.35e+01,
4960,1.35e+01,
4961,1.35e+01,
4962,1.35e+01,
4963,1.35e+01,
4964,1.35e+01,
4965,1.35e+01,
4966,1.35e+01,
4967,1.35e+01,
4968,1.35e+01,
4969,1.35e+01,
4970,1.35e+01,
4971,1.35e+01,
4972,1.35e+01,
4973,1.35e+01,
4974,1.35e+01,
4975,1.35e+01,
4976,1.35e+01,
4977,1.35e+01,
4978,1.35e+01,
4979,1.35e+01,
4980,1.35e+01,
4981,1.35e+01,
4982,1.35e+01,
4983,1.35e+01,
4984,1.35e+01,
4985,1.35e+01,
4986,1.35e+01,
4987,1.35e+01,
4988,1.35e+01,
4989,1.35e+01,
4990,1.35e+01,
4991,1.35e+01,
4992,1.35e+01,
4993,1.35e+01,
4994,1.35e+01,
4995,1.35e+01,
4996,1.35e+01,
4997,1.35e+01,
4998,1.35e+01,
4999,1.35e+01,
5000,1.35e+01,
5001,1.35e+01,
5002,1.35e+01,
5003,1.35e+01,
5004,1.35e+01,
5005,1.35e+01,
5006,1.35e+01,
5007,1.35e+01,
5008,1.35e+01,
5009,1.35e+01,
5010,1.35e+01,
5011,1.35e+01,
5012,1.35e+01,
5013,1.35e+01,
5014,1.35e+01,
5015,1.35e+01,
5016,1.35e+01,
5017,1.35e+01,
5018,1.35e+01,
5019,1.35e+01,
5020,1.35e+01,
5021,1.35e+01,
5022,1.35e+01,
5023,1.35e+01,
5024,1.35e+01,
5025,1.35e+01,
5026,1.35e+01,
5027,1.35e+01,
5028,1.35e+01,
5029,1.35e+01,
5030,1.35e+01,
5031,1.35e+01,
5032,1.35e+01,
5033,1.35e+01,
5034,1.35e+01,
5035,1.35e+01,
5036,1.35e+01,
5037,1.35e+01,
5038,1.35e+01,
5039,1.35e+01,
5040,1.35e+01,
5041,1.35e+01,
5042,1.35e+01,
5043,1.35e+01,
5044,1.35e+01,
5045,1.35e+01,
5046,1.35e+01,
5047,1.35e+01,
5048,1.35e+01,
5049,1.35e+01,
5050,1.35e+01,
5051,1.35e+01,
5052,1.35e+01,
5053,1.35e+01,
5054,1.35e+01,
5055,1.35e+01,
5056,1.35e+01,
5057,1.35e+01,
5058,1.35e+01,
5059,1.35e+01,
5060,1.35e+01,
5061,1.35e+01,
5062,1.35e+01,
5063,1.35e+01,
5064,1.35e+01,
5065,1.35e+01,
5066,1.35e+01,
5067,1.35e+01,
5068,1.35e+01,
5069,1.35e+01,
5070,1.35e+01,
5071,1.35e+01,
5072,1.35e+01,
5073,1.35e+01,
5074,1.35e+01,
5075,1.35e+01,
5076,1.35e+01,
5077,1.35e+01,
5078,1.35e+01,
5079,1.35e+01,
5080,1.35e+01,
5081,1.35e+01,
5082,1.35e+01,
5083,1.35e+01,
5084,1.35e+01,
5085,1.35e+01,
5086,1.35e+01,
5087,1.35e+01,
5088,1.35e+01,
5089,1.35e+01,
5090,1.35e+01,
5091,1.35e+01,
5092,1.35e+01,
5093,1.35e+01,
5094,1.35e+01,
5095,1.35e+01,
5096,1.35e+01,
5097,1.35e+01,
5098,1.35e+01,
5099,1.35e+01,
5100,1.35e+01,
5101,1.35e+01,
5102,1.35e+01,
5103,1.35e+01,
5104,1.35e+01,
5105,1.35e+01,
5106,1.35e+01,
5107,1.35e+01,
5108,1.35e+01,
5109,1.35e+01,
5110,1.35e+01,
5111,1.35e+01,
5112,1.35e+01,
5113,1.35e+01,
5114,1.35e+01,
5115,1.35e+01,
5116,1.35e+01,
5117,1.35e+01,
5118,1.35e+01,
5119,1.35e+01,
5120,1.35e+01,
5121,1.35e+01,
5122,1.35e+01,
5123,1.35e+01,
5124,1.35e+01,
5125,1.35e+01,
5126,1.35e+01,
5127,1.35e+01,
5128,1.35e+01,
5129,1.35e+01,
5130,1.35e+01,
5131,1.35e+01,
5132,1.35e+01,
5133,1.35e+01,
5134,1.35e+01,
5135,1.35e+01,
5136,1.35e+01,
5137,1.35e+01,
5138,1.35e+01,
5139,1.35e+01,
5140,1.35e+01,
5141,1.35e+01,
5142,1.35e+01,
5143,1.35e+01,
5144,1.35e+01,
5145,1.35e+01,
5146,1.35e+01,
5147,1.35e+01,
5148,1.35e+01,
5149,1.35e+01,
5150,1.35e+01,
5151,1.35e+01,
5152,1.35e+01,
5153,1.35e+01,
5154,1.35e+01,
5155,1.35e+01,
5156,1.35e+01,
5157,1.35e+01,
5158,1.35e+01,
5159,1.35e+01,
5160,1.35e+01,
5161,1.35e+01,
5162,1.35e+01,
5163,1.35e+01,
5164,1.35e+01,
5165,1.35e+01,
5166,1.35e+01,
5167,1.35e+01,
5168,1.35e+01,
5169,1.35e+01,
5170,1.35e+01,
5171,1.35e+01,
5172,1.35e+01,
5173,1.35e+01,
5174,1.35e+01,
5175,1.35e+01,
5176,1.35e+01,
5177,1.35e+01,
5178,1.35e+01,
5179,1.35e+01,
5180,1.35e+01,
5181,1.35e+01,
5182,1.35e+01,
5183,1.35e+01,
5184,1.35e+01,
5185,1.35e+01,
5186,1.35e+01,
5187,1.35e+01,
5188,1.35e+01,
5189,1.35e+01,
5190,1.35e+01,
5191,1.35e+01,
5192,1.35e+01,
5193,1.35e+01,
5194,1.35e+01,
5195,1.35e+01,
5196,1.35e+01,
5197,1.35e+01,
5198,1.35e+01,
5199,1.35e+01,
5200,1.35e+01,
5201,1.35e+01,
5202,1.35e+01,
5203,1.35e+01,
5204,1.35e+01,
5205,1.35e+01,
5206,1.35e+01,
5207,1.35e+01,
5208,1.35e+01,
5209,1.35e+01,
5210,1.35e+01,
5211,1.35e+01,
5212,1.35e+01,
5213,1.35e+01,
5214,1.35e+01,
5215,1.35e+01,
5216,1.35e+01,
5217,1.35e+01,
5218,1.35e+01,
5219,1.35e+01,
5220,1.35e+01,
5221,1.35e+01,
5222,1.35e+01,
5223,1.35e+01,
5224,1.35e+01,
5225,1.35e+01,
5226,1.35e+01,
5227,1.35e+01,
5228,1.35e+01,
5229,1.35e+01,
5230,1.35e+01,
5231,1.35e+01,
5232,1.35e+01,
5233,1.35e+01,
5234,1.35e+01,
5235,1.35e+01,
5236,1.35e+01,
5237,1.35e+01,
5238,1.35e+01,
5239,1.35e+01,
5240,1.35e+01,
5241,1.35e+01,
5242,1.35e+01,
5243,1.35e+01,
5244,1.35e+01,
5245,1.35e+01,
5246,1.35e+01,
5247,1.35e+01,
5248,1.35e+01,
5249,1.35e+01,
5250,1.35e+01,
5251,1.35e+01,
5252,1.35e+01,
5253,1.35e+01,
5254,1.35e+01,
5255,1.35e+01,
5256,1.35e+01,
5257,1.35e+01,
5258,1.35e+01,
5259,1.35e+01,
5260,1.35e+01,
5261,1.35e+01,
5262,1.35e+01,
5263,1.35e+01,
5264,1.35e+01,
5265,1.35e+01,
5266,1.35e+01,
5267,1.35e+01,
5268,1.35e+01,
5269,1.35e+01,
5270,1.35e+01,
5271,1.35e+01,
5272,1.35e+01,
5273,1.35e+01,
5274,1.35e+01,
5275,1.35e+01,
5276,1.35e+01,
5277,1.35e+01,
5278,1.35e+01,
5279,1.35e+01,
5280,1.35e+01,
5281,1.35e+01,
5282,1.35e+01,
5283,1.35e+01,
5284,1.35e+01,
5285,1.35e+01,
5286,1.35e+01,
5287,1.35e+01,
5288,1.35e+01,
5289,1.35e+01,
5290,1.35e+01,
5291,1.35e+01,
5292,1.35e+01,
5293,1.35e+01,
5294,1.35e+01,
5295,1.35e+01,
5296,1.35e+01,
5297,1.35e+01,
5298,1.35e+01,
5299,1.35e+01,
5300,1.35e+01,
5301,1.35e+01,
5302,1.35e+01,
5303,1.35e+01,
5304,1.35e+01,
5305,1.35e+01,
5306,1.35e+01,
5307,1.35e+01,
5308,1.35e+01,
5309,1.35e+01,
5310,1.35e+01,
5311,1.35e+01,
5312,1.35e+01,
5313,1.35e+01,
5314,1.35e+01,
5315,1.35e+01,
5316,1.35e+01,
5317,1.35e+01,
5318,1.35e+01,
5319,1.35e+01,
5320,1.35e+01,
5321,1.35e+01,
5322,1.35e+01,
5323,1.35e+01,
5324,1.35e+01,
5325,1.35e+01,
5326,1.35e+01,
5327,1.35e+01,
5328,1.35e+01,
5329,1.35e+01,
5330,1.35e+01,
5331,1.35e+01,
5332,1.35e+01,
5333,1.35e+01,
5334,1.35e+01,
5335,1.35e+01,
5336,1.35e+01,
5337,1.35e+01,
5338,1.35e+01,
5339,1.35e+01,
5340,1.35e+01,
5341,1.35e+01,
5342,1.35e+01,
5343,1.35e+01,
5344,1.35e+01,
5345,1.35e+01,
5346,1.35e+01,
5347,1.35e+01,
5348,1.35e+01,
5349,1.35e+01,
5350,1.35e+01,
5351,1.35e+01,
5352,1.35e+01,
5353,1.35e+01,
5354,1.35e+01,
5355,1.35e+01,
5356,1.35e+01,
5357,1.35e+01,
5358,1.35e+01,
5359,1.35e+01,
5360,1.35e+01,
5361,1.35e+01,
5362,1.35e+01,
5363,1.35e+01,
5364,1.35e+01,
5365,1.35e+01,
5366,1.35e+01,
5367,1.35e+01,
5368,1.35e+01,
5369,1.35e+01,
5370,1.35e+01,
5371,1.35e+01,
5372,1.35e+01,
5373,1.35e+01,
5374,1.35e+01,
5375,1.35e+01,
5376,1.35e+01,
5377,1.35e+01,
5378,1.35e+01,
5379,1.35e+01,
5380,1.35e+01,
5381,1.35e+01,
5382,1.35e+01,
5383,1.35e+01,
5384,1.35e+01,
5385,1.35e+01,
5386,1.35e+01,
5387,1.35e+01,
5388,1.35e+01,
5389,1.35e+01,
5390,1.35e+01,
5391,1.35e+01,
5392,1.35e+01,
5393,1.35e+01,
5394,1.35e+01,
5395,1.35e+01,
5396,1.35e+01,
5397,1.35e+01,
5398,1.35e+01,
5399,1.35e+01,
5400,1.35e+01,
5401,1.35e+01,
5402,1.35e+01,
5403,1.35e+01,
5404,1.35e+01,
5405,1.35e+01,
5406,1.35e+01,
5407,1.35e+01,
5408,1.35e+01,
5409,1.35e+01,
5410,1.35e+01,
5411,1.35e+01,
5412,1.35e+01,
5413,1.35e+01,
5414,1.35e+01,
5415,1.35e+01,
5416,1.35e+01,
5417,1.35e+01,
5418,1.35e+01,
5419,1.35e+01,
5420,1.35e+01,
5421,1.35e+01,
5422,1.35e+01,
5423,1.35e+01,
5424,1.35e+01,
5425,1.35e+01,
5426,1.35e+01,
5427,1.35e+01,
5428,1.35e+01,
5429,1.35e+01,
5430,1.35e+01,
5431,1.35e+01,
5432,1.35e+01,
5433,1.35e+01,
5434,1.35e+01,
5435,1.35e+01,
5436,1.35e+01,
5437,1.35e+01,
5438,1.35e+01,
5439,1.35e+01,
5440,1.35e+01,
5441,1.35e+01,
5442,1.35e+01,
5443,1.35e+01,
5444,1.35e+01,
5445,1.35e+01,
5446,1.35e+01,
5447,1.35e+01,
5448,1.35e+01,
5449,1.35e+01,
5450,1.35e+01,
5451,1.35e+01,
5452,1.35e+01,
5453,1.35e+01,
5454,1.35e+01,
5455,1.35e+01,
5456,1.35e+01,
5457,1.35e+01,
5458,1.35e+01,
5459,1.35e+01,
5460,1.35e+01,
5461,1.35e+01,
5462,1.35e+01,
5463,1.35e+01,
5464,1.35e+01,
5465,1.35e+01,
5466,1.35e+01,
5467,1.35e+01,
5468,1.35e+01,
5469,1.35e+01,
5470,1.35e+01,
5471,1.35e+01,
5472,1.35e+01,
5473,1.35e+01,
5474,1.35e+01,
5475,1.35e+01,
5476,1.35e+01,
5477,1.35e+01,
5478,1.35e+01,
5479,1.35e+01,
5480,1.35e+01,
5481,1.35e+01,
5482,1.35e+01,
5483,1.35e+01,
5484,1.35e+01,
5485,1.35e+01,
5486,1.35e+01,
5487,1.35e+01,
5488,1.35e+01,
5489,1.35e+01,
5490,1.35e+01,
5491,1.35e+01,
5492,1.35e+01,
5493,1.35e+01,
5494,1.35e+01,
5495,1.35e+01,
5496,1.35e+01,
5497,1.35e+01,
5498,1.35e+01,
5499,1.35e+01,
5500,1.35e+01,
5501,1.35e+01,
5502,1.35e+01,
5503,1.35e+01,
5504,1.35e+01,
5505,1.35e+01,
5506,1.35e+01,
5507,1.35e+01,
5508,1.35e+01,
5509,1.35e+01,
5510,1.35e+01,
5511,1.35e+01,
5512,1.35e+01,
5513,1.35e+01,
5514,1.35e+01,
5515,1.35e+01,
5516,1.35e+01,
5517,1.35e+01,
5518,1.35e+01,
5519,1.35e+01,
5520,1.35e+01,
5521,1.35e+01,
5522,1.35e+01,
5523,1.35e+01,
5524,1.35e+01,
5525,1.35e+01,
5526,1.35e+01,
5527,1.35e+01,
5528,1.35e+01,
5529,1.35e+01,
5530,1.35e+01,
5531,1.35e+01,
5532,1.35e+01,
5533,1.35e+01,
5534,1.35e+01,
5535,1.35e+01,
5536,1.35e+01,
5537,1.35e+01,
5538,1.35e+01,
5539,1.35e+01,
5540,1.35e+01,
5541,1.35e+01,
5542,1.35e+01,
5543,1.35e+01,
5544,1.35e+01,
5545,1.35e+01,
5546,1.35e+01,
5547,1.35e+01,
5548,1.35e+01,
5549,1.35e+01,
5550,1.35e+01,
5551,1.35e+01,
5552,1.35e+01,
5553,1.35e+01,
5554,1.35e+01,
5555,1.35e+01,
5556,1.35e+01,
5557,1.35e+01,
5558,1.35e+01,
5559,1.35e+01,
5560,1.35e+01,
5561,1.35e+01,
5562,1.35e+01,
5563,1.35e+01,
5564,1.35e+01,
5565,1.35e+01,
5566,1.35e+01,
5567,1.35e+01,
5568,1.35e+01,
5569,1.35e+01,
5570,1.35e+01,
5571,1.35e+01,
5572,1.35e+01,
5573,1.35e+01,
5574,1.35e+01,
5575,1.35e+01,
5576,1.35e+01,
5577,1.35e+01,
5578,1.35e+01,
5579,1.35e+01,
5580,1.35e+01,
5581,1.35e+01,
5582,1.35e+01,
5583,1.35e+01,
5584,1.35e+01,
5585,1.35e+01,
5586,1.35e+01,
5587,1.35e+01,
5588,1.35e+01,
5589,1.35e+01,
5590,1.35e+01,
5591,1.35e+01,
5592,1.35e+01,
5593,1.35e+01,
5594,1.35e+01,
5595,1.35e+01,
5596,1.35e+01,
5597,1.35e+01,
5598,1.35e+01,
5599,1.35e+01,
5600,1.35e+01,
5601,1.35e+01,
5602,1.35e+01,
5603,1.35e+01,
5604,1.35e+01,
5605,1.35e+01,
5606,1.35e+01,
5607,1.35e+01,
5608,1.35e+01,
5609,1.35e+01,
5610,1.35e+01,
5611,1.35e+01,
5612,1.35e+01,
5613,1.35e+01,
5614,1.35e+01,
5615,1.35e+01,
5616,1.35e+01,
5617,1.35e+01,
5618,1.35e+01,
5619,1.35e+01,
5620,1.35e+01,
5621,1.35e+01,
5622,1.35e+01,
5623,1.35e+01,
5624,1.35e+01,
5625,1.35e+01,
5626,1.35e+01,
5627,1.35e+01,
5628,1.35e+01,
5629,1.35e+01,
5630,1.35e+01,
5631,1.35e+01,
5632,1.35e+01,
5633,1.35e+01,
5634,1.35e+01,
5635,1.35e+01,
5636,1.35e+01,
5637,1.35e+01,
5638,1.35e+01,
5639,1.35e+01,
5640,1.35e+01,
5641,1.35e+01,
5642,1.35e+01,
5643,1.35e+01,
5644,1.35e+01,
5645,1.35e+01,
5646,1.35e+01,
5647,1.35e+01,
5648,1.35e+01,
5649,1.35e+01,
5650,1.35e+01,
5651,1.35e+01,
5652,1.35e+01,
5653,1.35e+01,
5654,1.35e+01,
5655,1.35e+01,
5656,1.35e+01,
5657,1.35e+01,
5658,1.35e+01,
5659,1.35e+01,
5660,1.35e+01,
5661,1.35e+01,
5662,1.35e+01,
5663,1.35e+01,
5664,1.35e+01,
5665,1.35e+01,
5666,1.35e+01,
5667,1.35e+01,
5668,1.35e+01,
5669,1.35e+01,
5670,1.35e+01,
5671,1.35e+01,
5672,1.35e+01,
5673,1.35e+01,
5674,1.35e+01,
5675,1.35e+01,
5676,1.35e+01,
5677,1.35e+01,
5678,1.35e+01,
5679,1.35e+01,
5680,1.35e+01,
5681,1.35e+01,
5682,1.35e+01,
5683,1.35e+01,
5684,1.35e+01,
5685,1.35e+01,
5686,1.35e+01,
5687,1.35e+01,
5688,1.35e+01,
5689,1.35e+01,
5690,1.35e+01,
5691,1.35e+01,
5692,1.35e+01,
5693,1.35e+01,
5694,1.35e+01,
5695,1.35e+01,
5696,1.35e+01,
5697,1.35e+01,
5698,1.35e+01,
5699,1.35e+01,
5700,1.35e+01,
5701,1.35e+01,
5702,1.35e+01,
5703,1.35e+01,
5704,1.35e+01,
5705,1.35e+01,
5706,1.35e+01,
5707,1.35e+01,
5708,1.35e+01,
5709,1.35e+01,
5710,1.35e+01,
5711,1.35e+01,
5712,1.35e+01,
5713,1.35e+01,
5714,1.35e+01,
5715,1.35e+01,
5716,1.35e+01,
5717,1.35e+01,
5718,1.35e+01,
5719,1.35e+01,
5720,1.35e+01,
5721,1.35e+01,
5722,1.35e+01,
5723,1.35e+01,
5724,1.35e+01,
5725,1.35e+01,
5726,1.35e+01,
5727,1.35e+01,
5728,1.35e+01,
5729,1.35e+01,
5730,1.35e+01,
5731,1.35e+01,
5732,1.35e+01,
5733,1.35e+01,
5734,1.35e+01,
5735,1.35e+01,
5736,1.35e+01,
5737,1.35e+01,
5738,1.35e+01,
5739,1.35e+01,
5740,1.35e+01,
5741,1.35e+01,
5742,1.35e+01,
5743,1.35e+01,
5744,1.35e+01,
5745,1.35e+01,
5746,1.35e+01,
5747,1.35e+01,
5748,1.35e+01,
5749,1.35e+01,
5750,1.35e+01,
5751,1.35e+01,
5752,1.35e+01,
5753,1.35e+01,
5754,1.35e+01,
5755,1.35e+01,
5756,1.35e+01,
5757,1.35e+01,
5758,1.35e+01,
5759,1.35e+01,
5760,1.35e+01,
5761,1.35e+01,
5762,1.35e+01,
5763,1.35e+01,
5764,1.35e+01,
5765,1.35e+01,
5766,1.35e+01,
5767,1.35e+01,
5768,1.35e+01,
5769,1.35e+01,
5770,1.35e+01,
5771,1.35e+01,
5772,1.35e+01,
5773,1.35e+01,
5774,1.35e+01,
5775,1.35e+01,
5776,1.35e+01,
5777,1.35e+01,
5778,1.35e+01,
5779,1.35e+01,
5780,1.35e+01,
5781,1.35e+01,
5782,1.35e+01,
5783,1.35e+01,
5784,1.35e+01,
5785,1.35e+01,
5786,1.35e+01,
5787,1.35e+01,
5788,1.35e+01,
5789,1.35e+01,
5790,1.35e+01,
5791,1.35e+01,
5792,1.35e+01,
5793,1.35e+01,
5794,1.35e+01,
5795,1.35e+01,
5796,1.35e+01,
5797,1.35e+01,
5798,1.35e+01,
5799,1.35e+01,
5800,1.35e+01,
5801,1.35e+01,
5802,1.35e+01,
5803,1.35e+01,
5804,1.35e+01,
5805,1.35e+01,
5806,1.35e+01,
5807,1.35e+01,
5808,1.35e+01,
5809,1.35e+01,
5810,1.35e+01,
5811,1.35e+01,
5812,1.35e+01,
5813,1.35e+01,
5814,1.35e+01,
5815,1.35e+01,
5816,1.35e+01,
5817,1.35e+01,
5818,1.35e+01,
5819,1.35e+01,
5820,1.35e+01,
5821,1.35e+01,
5822,1.35e+01,
5823,1.35e+01,
5824,1.35e+01,
5825,1.35e+01,
5826,1.35e+01,
5827,1.35e+01,
5828,1.35e+01,
5829,1.35e+01,
5830,1.35e+01,
5831,1.35e+01,
5832,1.35e+01,
5833,1.35e+01,
5834,1.35e+01,
5835,1.35e+01,
5836,1.35e+01,
5837,1.35e+01,
5838,1.35e+01,
5839,1.35e+01,
5840,1.35e+01,
5841,1.35e+01,
5842,1.35e+01,
5843,1.35e+01,
5844,1.35e+01,
5845,1.35e+01,
5846,1.35e+01,
5847,1.35e+01,
5848,1.35e+01,
5849,1.35e+01,
5850,1.35e+01,
5851,1.35e+01,
5852,1.35e+01,
5853,1.35e+01,
5854,1.35e+01,
5855,1.35e+01,
5856,1.35e+01,
5857,1.35e+01,
5858,1.35e+01,
5859,1.35e+01,
5860,1.35e+01,
5861,1.35e+01,
5862,1.35e+01,
5863,1.35e+01,
5864,1.35e+01,
5865,1.35e+01,
5866,1.35e+01,
5867,1.35e+01,
5868,1.35e+01,
5869,1.35e+01,
5870,1.35e+01,
5871,1.35e+01,
5872,1.35e+01,
5873,1.35e+01,
5874,1.35e+01,
5875,1.35e+01,
5876,1.35e+01,
5877,1.35e+01,
5878,1.35e+01,
5879,1.35e+01,
5880,1.35e+01,
5881,1.35e+01,
5882,1.35e+01,
5883,1.35e+01,
5884,1.35e+01,
5885,1.35e+01,
5886,1.35e+01,
5887,1.35e+01,
5888,1.35e+01,
5889,1.35e+01,
5890,1.35e+01,
5891,1.35e+01,
5892,1.35e+01,
5893,1.35e+01,
5894,1.35e+01,
5895,1.35e+01,
5896,1.35e+01,
5897,1.35e+01,
5898,1.35e+01,
5899,1.35e+01,
5900,1.35e+01,
5901,1.35e+01,
5902,1.35e+01,
5903,1.35e+01,
5904,1.35e+01,
5905,1.35e+01,
5906,1.35e+01,
5907,1.35e+01,
5908,1.35e+01,
5909,1.35e+01,
5910,1.35e+01,
5911,1.35e+01,
5912,1.35e+01,
5913,1.35e+01,
5914,1.35e+01,
5915,1.35e+01,
5916,1.35e+01,
5917,1.35e+01,
5918,1.35e+01,
5919,1.35e+01,
5920,1.35e+01,
5921,1.35e+01,
5922,1.35e+01,
5923,1.35e+01,
5924,1.35e+01,
5925,1.35e+01,
5926,1.35e+01,
5927,1.35e+01,
5928,1.35e+01,
5929,1.35e+01,
5930,1.35e+01,
5931,1.35e+01,
5932,1.35e+01,
5933,1.35e+01,
5934,1.35e+01,
5935,1.35e+01,
5936,1.35e+01,
5937,1.35e+01,
5938,1.35e+01,
5939,1.35e+01,
5940,1.35e+01,
5941,1.35e+01,
5942,1.35e+01,
5943,1.35e+01,
5944,1.35e+01,
5945,1.35e+01,
5946,1.35e+01,
5947,1.35e+01,
5948,1.35e+01,
5949,1.35e+01,
5950,1.35e+01,
5951,1.35e+01,
5952,1.35e+01,
5953,1.35e+01,
5954,1.35e+01,
5955,1.35e+01,
5956,1.35e+01,
5957,1.35e+01,
5958,1.35e+01,
5959,1.35e+01,
5960,1.35e+01,
5961,1.35e+01,
5962,1.35e+01,
5963,1.35e+01,
5964,1.35e+01,
5965,1.35e+01,
5966,1.35e+01,
5967,1.35e+01,
5968,1.35e+01,
5969,1.35e+01,
5970,1.35e+01,
5971,1.35e+01,
5972,1.35e+01,
5973,1.35e+01,
5974,1.35e+01,
5975,1.35e+01,
5976,1.35e+01,
5977,1.35e+01,
5978,1.35e+01,
5979,1.35e+01,
5980,1.35e+01,
5981,1.35e+01,
5982,1.35e+01,
5983,1.35e+01,
5984,1.35e+01,
5985,1.35e+01,
5986,1.35e+01,
5987,1.35e+01,
5988,1.35e+01,
5989,1.35e+01,
5990,1.35e+01,
5991,1.35e+01,
5992,1.35e+01,
5993,1.35e+01,
5994,1.35e+01,
5995,1.35e+01,
5996,1.35e+01,
5997,1.35e+01,
5998,1.35e+01,
5999,1.35e+01,
